iso3,year,exports,fdi,gcf,gdppc,imports,mva,mva_growth,trade,lnincome,lnincome2,lntrade,india_trade,L_mva,D_mva,L_trade,D_trade,L_fdi,D_fdi,L_gcf,D_gcf,L_lnincome,D_lnincome,region,country
AFG,2020,10.42081713862066,0.0649939571808754,11.5,527.8345544993056,36.2890774127896,7.528114629249116,-3.537012423251056,46.70989455141026,6.268782890852536,39.29763893264548,3.8439560169950964,0.0,7.043181080925083,0.4849335483240331,,,0.1244959852912578,-0.059502028110382396,,,6.324110783213679,-0.05532789236114333,South Asia,Afghanistan
AFG,2021,14.34215279753703,0.1444669466068614,13.0,408.6258552174031,37.06956357719003,8.49315681616916,-10.305485795008622,51.41171637472706,6.0127999579572124,36.15376333441026,3.939866091519198,0.0,7.528114629249116,0.9650421869200434,46.70989455141026,4.7018218233167985,0.0649939571808754,0.079472989425986,11.5,1.5,6.268782890852536,-0.25598293289532315,South Asia,Afghanistan
BGD,2000,12.3442012279919,0.5253620892360868,23.808562573136875,620.5604728221052,16.9775131339119,14.035315753915963,4.699566957770472,29.321714361903798,6.430623058110432,41.35291291550156,3.3783283460425215,0.0,,,,,,,,,,,South Asia,Bangladesh
BGD,2001,13.386559208064888,0.1454439045699243,24.17430673069332,641.2889228762742,18.71145786494678,14.178357022966532,6.532232870706324,32.09801707301166,6.463480093085436,41.77657491371171,3.4687942548014856,0.0,14.035315753915963,0.1430412690505687,29.321714361903798,2.7763027111078635,0.5253620892360868,-0.37991818466616256,23.808562573136875,0.3657441575564455,6.430623058110432,0.03285703497500414,South Asia,Bangladesh
BGD,2002,12.409968932201943,0.0955793676464671,24.34141613667285,655.6721393622719,16.557411788962977,14.317437549398562,5.13865312828041,28.96738072116492,6.4856608764511465,42.063797004329054,3.366170394202685,0.0,14.178357022966532,0.13908052643203028,32.09801707301166,-3.130636351846743,0.1454439045699243,-0.04986453692345719,24.17430673069332,0.16710940597953083,6.463480093085436,0.02218078336571061,South Asia,Bangladesh
BGD,2003,11.431148695941264,0.4459607832980899,24.679188861283382,676.826252046427,16.226736204216692,14.145461560943062,6.670853808655437,27.65788490015796,6.517414596024433,42.476693016472325,3.319910855494938,0.0,14.317437549398562,-0.17197598845550033,28.96738072116492,-1.3094958210069585,0.0955793676464671,0.35038141565162284,24.34141613667285,0.3377727246105309,6.4856608764511465,0.03175371957328643,South Asia,Bangladesh
BGD,2004,11.146508946135343,0.6894723355873391,24.99183394470041,702.6563570818726,15.711725203107797,14.44207318664002,6.982225360434626,26.85823414924314,6.554867948800886,42.96629382621713,3.290572446165629,0.0,14.145461560943062,0.29661162569695776,27.65788490015796,-0.7996507509148216,0.4459607832980899,0.2435115522892492,24.679188861283382,0.3126450834170278,6.517414596024433,0.037453352776452675,South Asia,Bangladesh
BGD,2005,14.392841897928252,1.170651674486032,25.83043551458635,739.2037183534092,20.00409296653672,14.743998758060956,7.856794834839917,34.396934864464974,6.6055735505548245,43.63360193178947,3.5379674576322833,0.0,14.44207318664002,0.3019255714209361,26.85823414924314,7.538700715221836,0.6894723355873391,0.4811793388986929,24.99183394470041,0.8386015698859381,6.554867948800886,0.0507056017539389,South Asia,Bangladesh
BGD,2006,16.353463565288777,0.6358638995067142,26.144145747429853,779.419570444998,21.75846086730336,15.30756217986794,10.81066261867774,38.11192443259214,6.658549502218567,44.33628147349513,3.6405272103988873,0.0,14.743998758060956,0.5635634218069843,34.396934864464974,3.714989568127166,1.170651674486032,-0.5347877749793178,25.83043551458635,0.31371023284350485,6.6055735505548245,0.05297595166374247,South Asia,Bangladesh
BGD,2007,16.995334846490458,0.8177569227000439,26.17849706720466,825.5082299645373,22.94704780668305,15.934072992400688,10.535115703543724,39.94238265317351,6.715999232982851,45.10464569742624,3.687437982021389,0.0,15.30756217986794,0.6265108125327483,38.11192443259214,1.8304582205813702,0.6358638995067142,0.18189302319332967,26.144145747429853,0.034351319774806655,6.658549502218567,0.057449730764283835,South Asia,Bangladesh
BGD,2008,17.658858482075683,1.4496579161575975,26.20227140039912,866.4581576213504,24.962055550483218,16.12436697269304,7.331292477204769,42.6209140325589,6.764413819035702,45.75729431516117,3.752345072535272,0.0,15.934072992400688,0.1902939802923509,39.94238265317351,2.67853137938539,0.8177569227000439,0.6319009934575537,26.17849706720466,0.023774333194459984,6.715999232982851,0.04841458605285087,South Asia,Bangladesh
BGD,2009,16.9401329056133,0.8795171425361453,26.206057015753576,901.729626251937,23.15266331740966,16.480186060483483,6.693401415860919,40.09279622302296,6.804314725962496,46.29869888995008,3.6911966728632235,0.0,16.12436697269304,0.3558190877904437,42.6209140325589,-2.5281178095359422,1.4496579161575975,-0.5701407736214522,26.20227140039912,0.0037856153544559845,6.764413819035702,0.03990090692679438,South Asia,Bangladesh
BGD,2010,16.024112685691616,1.0689676630832234,26.246656176057662,943.6642286423604,21.778729985140533,16.121228359200625,6.646765727376277,37.80284267083215,6.84977041287531,46.919354709102,3.632384302730011,0.0,16.480186060483483,-0.35895770128285776,40.09279622302296,-2.289953552190809,0.8795171425361453,0.18945052054707812,26.206057015753576,0.04059916030408672,6.804314725962496,0.04545568691281421,South Asia,Bangladesh
BGD,2011,19.922074955493866,0.9833993641847614,27.42097336860339,995.579947155662,27.49877488019595,15.99673424989474,10.013385417572708,47.420849835689815,6.903325428823803,47.65590197624534,3.8590620019378656,0.0,16.121228359200625,-0.12449410930588556,37.80284267083215,9.618007164857666,1.0689676630832234,-0.08556829889846207,26.246656176057662,1.174317192545729,6.84977041287531,0.053555015948492546,South Asia,Bangladesh
BGD,2012,20.161588864062487,1.1885039192018303,28.262335009718655,1050.3914040406614,27.94933388498424,15.914220671014151,9.955216249160586,48.11092274904673,6.956918139444688,48.398709998934535,3.8735092355117717,0.0,15.99673424989474,-0.08251357888058841,47.420849835689815,0.6900729133569143,0.9833993641847614,0.20510455501706892,27.42097336860339,0.8413616411152631,6.903325428823803,0.05359271062088489,South Asia,Bangladesh
BGD,2013,19.53787410987982,1.7353201248150252,28.38962075364656,1103.1569590712293,26.758528612937557,16.442019472991053,10.30689019938336,46.29640272281737,7.005931311098014,49.083073535823544,3.8350642631022307,0.0,15.914220671014151,0.5277988019769015,48.11092274904673,-1.81452002622936,1.1885039192018303,0.5468162056131949,28.262335009718655,0.12728574392790648,6.956918139444688,0.04901317165332664,South Asia,Bangladesh
BGD,2014,18.989659995010697,1.4687030507420429,28.57787571155631,1159.407534759807,25.52442020179889,16.612707661915714,8.766757023399194,44.51408019680959,7.055664407728578,49.782400234487866,3.795805548042519,0.0,16.442019472991053,0.17068818892466098,46.29640272281737,-1.782322526007782,1.7353201248150252,-0.2666170740729823,28.38962075364656,0.18825495790974855,7.005931311098014,0.0497330966305638,South Asia,Bangladesh
BGD,2015,17.33667378654855,1.4507824552936044,28.886689247008,1224.3864766816523,24.749322520489645,16.78867356250878,10.310576867845596,42.085996307038194,7.110195162156989,50.55487524396065,3.73971505606844,0.0,16.612707661915714,0.1759659005930665,44.51408019680959,-2.4280838897713934,1.4687030507420429,-0.017920595448438492,28.57787571155631,0.30881353545169077,7.055664407728578,0.054530754428411043,South Asia,Bangladesh
BGD,2016,13.92120448144592,0.8795283402719981,30.23976391799852,1299.8309136079226,17.412945653168283,20.34794809629789,11.690815200864463,31.3341501346142,7.169989468534809,51.40874897890008,3.444708561388112,0.0,16.78867356250878,3.559274533789111,42.085996307038194,-10.751846172423992,1.4507824552936044,-0.5712541150216063,28.886689247008,1.3530746709905195,7.110195162156989,0.05979430637782013,South Asia,Bangladesh
BGD,2017,12.819746890600348,0.6163417846313836,30.946873115567517,1373.753637401862,17.179983781834,20.075061506499654,7.086439686827475,29.99973067243435,7.22530215350458,52.20499120943792,3.401188404036335,0.0,20.34794809629789,-0.27288658979823666,31.3341501346142,-1.3344194621798522,0.8795283402719981,-0.26318655564061455,30.23976391799852,0.7071091975689967,7.169989468534809,0.05531268496977049,South Asia,Bangladesh
BGD,2018,12.674787944339148,0.7535491341286896,31.82257477044314,1462.2505025571324,19.83984377974924,20.80229592663153,10.45244155012655,32.51463172408839,7.287731968010634,53.111037237564155,3.4816901949180017,0.0,20.075061506499654,0.7272344201318752,29.99973067243435,2.5149010516540393,0.6163417846313836,0.13720734949730606,30.946873115567517,0.8757016548756233,7.22530215350458,0.06242981450605445,South Asia,Bangladesh
BGD,2019,13.094757335303903,0.5432441415850626,32.21373311262665,1564.2080244563588,18.483297155936523,21.20794388208964,12.334506811081567,31.578054491240422,7.355134920224905,54.09800969471182,3.452462401205923,0.0,20.80229592663153,0.40564795545811094,32.51463172408839,-0.9365772328479665,0.7535491341286896,-0.210304992543627,31.82257477044314,0.391158342183509,7.287731968010634,0.0674029522142705,South Asia,Bangladesh
BGD,2020,10.442788061603748,0.4078598948569154,31.30794134143039,1604.665923474202,15.828659314611269,20.598331590899445,1.680801039876485,26.27144737621502,7.380670866530348,54.47430244004984,3.2684826983432056,0.0,21.20794388208964,-0.6096122911901958,31.578054491240422,-5.306607115025404,0.5432441415850626,-0.13538424672814725,32.21373311262665,-0.9057917711962595,7.355134920224905,0.025535946305443424,South Asia,Bangladesh
BGD,2021,10.662778900413372,0.4141181540405933,31.01873873571718,1702.080284141892,17.061225803249734,21.235672987997685,11.585138792629865,27.72400470366311,7.439606478491974,55.347744554819755,3.3222986337160583,0.0,20.598331590899445,0.6373413970982398,26.27144737621502,1.4525573274480905,0.4078598948569154,0.00625825918367795,31.30794134143039,-0.28920260571321066,7.380670866530348,0.05893561196162622,South Asia,Bangladesh
BGD,2022,12.882226434898524,0.3479600245404388,32.04727558090502,1804.349346177604,20.897740835674973,21.76481936122126,11.410827707888856,33.77996727057349,7.497955332749162,56.21933417190159,3.5198679424796433,0.0,21.235672987997685,0.5291463732235755,27.72400470366311,6.0559625669103845,0.4141181540405933,-0.06615812950015454,31.01873873571718,1.028536845187844,7.439606478491974,0.05834885425718728,South Asia,Bangladesh
BGD,2023,13.15716383412045,0.335721505298968,30.951200083494367,1885.3773361354515,17.825807576339198,22.34201886920218,8.894193970719371,30.982971410459648,7.541883258170299,56.88000307986944,3.433437744219487,0.0,21.76481936122126,0.5771995079809216,33.77996727057349,-2.796995860113846,0.3479600245404388,-0.012238519241470791,32.04727558090502,-1.0960754974106557,7.497955332749162,0.043927925421137104,South Asia,Bangladesh
BGD,2024,10.461187829171545,0.2838707733500735,30.700490024524385,1941.2787436002548,16.316887974876217,21.892960358419373,3.1565579694667605,26.77807580404776,7.571102181101638,57.32158823668198,3.287583485704244,0.0,22.34201886920218,-0.4490585107828089,30.982971410459648,-4.204895606411888,0.335721505298968,-0.0518507319488945,30.951200083494367,-0.25071005896998244,7.541883258170299,0.02921892293133954,South Asia,Bangladesh
BRN,2000,56.97029613628403,8.36413523538418,18.737470437937784,37509.59838477423,30.085036851485658,2.4596714490058416,2.235649384979624,87.05533298776969,10.53235213613443,110.93044151953548,4.466543927838754,0.0,,,,,,,,,,,Southeast Asia,Brunei Darussalam
BRN,2001,57.92957140100741,0.9956216011005165,20.87032029166988,37269.30992165869,33.17021621867825,2.296414620206823,-9.76446083408112,91.09978761968566,10.525925476650121,110.79510713999208,4.511955472975441,0.0,2.4596714490058416,-0.16325682879901837,87.05533298776969,4.044454631915968,8.36413523538418,-7.368513634283664,18.737470437937784,2.132849853732097,10.53235213613443,-0.006426659484308317,Southeast Asia,Brunei Darussalam
BRN,2002,56.65597396078439,3.626542715260879,33.85960556306892,37976.26275736014,36.560207511463325,2.8575304378535544,28.00197439815335,93.21618147224773,10.544716579244508,111.19104773659399,4.534921327568037,0.0,2.296414620206823,0.5611158176467312,91.09978761968566,2.1163938525620694,0.9956216011005165,2.630921114160363,20.87032029166988,12.989285271399037,10.525925476650121,0.018791102594386544,Southeast Asia,Brunei Darussalam
BRN,2003,58.42088863164653,1.7274784763881308,21.987880654086016,38595.16885137023,30.664727467109454,2.4965178948584628,-6.170097538845411,89.08561609875599,10.560882388328919,111.53223682011593,4.4895978859649235,0.0,2.8575304378535544,-0.36101254299509167,93.21618147224773,-4.130565373491734,3.626542715260879,-1.8990642388727483,33.85960556306892,-11.871724908982902,10.544716579244508,0.01616580908441101,Southeast Asia,Brunei Darussalam
BRN,2004,57.766185119326906,1.3134182494197866,19.58796605302088,37948.65908251944,27.115981544492264,2.114137310268591,6.857200531972609,84.88216666381916,10.543989448405569,111.17571348808796,4.4412640201795055,0.0,2.4965178948584628,-0.38238058458987156,89.08561609875599,-4.203449434936829,1.7274784763881308,-0.4140602269683442,21.987880654086016,-2.3999146010651344,10.560882388328919,-0.01689293992335017,Southeast Asia,Brunei Darussalam
BRN,2005,58.571806540326406,1.659857337167875,16.115269863071223,37312.27787971215,23.04830747519683,1.672249928458038,-4.187481671248435,81.62011401552324,10.5270777171447,110.81936526280445,4.402075726883364,0.0,2.114137310268591,-0.4418873818105531,84.88216666381916,-3.2620526482959207,1.3134182494197866,0.3464390877480885,19.58796605302088,-3.4726961899496587,10.543989448405569,-0.01691173126086909,Southeast Asia,Brunei Darussalam
BRN,2006,60.16057189864207,0.6946761009178796,15.172172033013668,38229.35656841831,21.410382844326858,1.2269150352889195,-16.38624371575635,81.57095474296892,10.551358996007842,111.33117666263561,4.401473251828629,0.0,1.672249928458038,-0.44533489316911856,81.62011401552324,-0.049159272554319955,1.659857337167875,-0.9651812362499955,16.115269863071223,-0.943097830057555,10.5270777171447,0.024281278863142575,Southeast Asia,Brunei Darussalam
BRN,2007,56.96411407577818,1.918069922251921,19.754003747930472,36174.51651548605,24.04730056111762,1.1044610825379295,-6.178903689374522,81.01141463689581,10.49611018625449,110.16832904199528,4.394590066187103,0.0,1.2269150352889195,-0.12245395275099002,81.57095474296892,-0.5595401060731149,0.6946761009178796,1.2233938213340414,15.172172033013668,4.581831714916804,10.551358996007842,-0.055248809753351225,Southeast Asia,Brunei Darussalam
BRN,2008,65.94314080226124,1.395065809396078,20.641358896163013,34126.69415639692,23.802284550073143,0.9025062089372916,-3.043240243432137,89.74542535233438,10.43783517686366,108.94840317937242,4.496977055064692,0.0,1.1044610825379295,-0.2019548736006379,81.01141463689581,8.734010715438572,1.918069922251921,-0.5230041128558431,19.754003747930472,0.8873551482325404,10.49611018625449,-0.0582750093908313,Southeast Asia,Brunei Darussalam
BRN,2009,59.70360491513989,2.733059998232977,26.22039111222406,32855.602160246635,30.583483343649497,1.222361317730691,-15.38067809856726,90.2870882587894,10.39987754697551,108.15745299208535,4.502994463031962,0.0,0.9025062089372916,0.3198551087933993,89.74542535233438,0.5416629064550165,1.395065809396078,1.3379941888368991,20.641358896163013,5.579032216061048,10.43783517686366,-0.037957629888149214,Southeast Asia,Brunei Darussalam
BRN,2010,67.40825223817876,3.507100788356135,23.690257525677303,33121.31782417236,27.96329378443449,1.249452715686708,7.090282905085303,95.37154602261324,10.407932397084805,108.32505678228745,4.557780274244929,0.0,1.222361317730691,0.027091397956017005,90.2870882587894,5.084457763823849,2.733059998232977,0.7740407901231579,26.22039111222406,-2.530133586546757,10.39987754697551,0.00805485010929452,Southeast Asia,Brunei Darussalam
BRN,2011,69.50634276455835,3.731055684580917,26.024292894148115,33754.364078371254,30.03158813925954,1.2207157101583042,14.998415553271656,99.53793090381792,10.426864993967188,108.71951360241836,4.600538786634275,0.0,1.249452715686708,-0.028737005528403747,95.37154602261324,4.166384881204678,3.507100788356135,0.22395489622478193,23.690257525677303,2.3340353684708113,10.407932397084805,0.018932596882383024,Southeast Asia,Brunei Darussalam
BRN,2012,70.15973099278925,4.540557538099018,32.88214652074344,33544.53894578774,35.48117114802935,1.458304069712371,20.352619660890213,105.6409021408186,10.420629355552787,108.58951616580849,4.660045627157884,0.0,1.2207157101583042,0.23758835955406687,99.53793090381792,6.1029712370006735,3.731055684580917,0.8095018535181016,26.024292894148115,6.857853626595325,10.426864993967188,-0.006235638414400668,Southeast Asia,Brunei Darussalam
BRN,2013,68.04411777808073,4.286700848091971,39.59341162284833,32381.07397952309,42.89548180613544,1.1451923062524711,-23.045568364613743,110.93959958421615,10.385329394671793,107.85506663583398,4.708985905320198,0.0,1.458304069712371,-0.3131117634598999,105.6409021408186,5.2986974433975575,4.540557538099018,-0.2538566900070478,32.88214652074344,6.711265102104889,10.420629355552787,-0.03529996088099452,Southeast Asia,Brunei Darussalam
BRN,2014,68.17710184845974,3.356609011551019,27.44181699276,31148.72974054006,34.24389911457532,1.5867584699660997,27.063069322217075,102.42100096303508,10.34652874458926,107.05065706261182,4.629091779107474,0.0,1.1451923062524711,0.44156616371362856,110.93959958421615,-8.51859862118107,4.286700848091971,-0.9300918365409516,39.59341162284833,-12.15159463008833,10.385329394671793,-0.03880065008253197,Southeast Asia,Brunei Darussalam
BRN,2015,52.21301122869372,1.3247117954403338,35.24732586172734,30625.12877446564,37.68317702466476,1.6178326036696329,-6.204972230238411,89.89618825335847,10.329576152718698,106.70014349481481,4.498655540727268,0.0,1.5867584699660997,0.03107413370353318,102.42100096303508,-12.52481270967661,3.356609011551019,-2.031897216110685,27.44181699276,7.80550886896734,10.34652874458926,-0.016952591870563083,Southeast Asia,Brunei Darussalam
BRN,2016,49.57777737941331,-1.320590473243957,34.620262854123176,29492.414592778878,37.74202395339268,1.8093326544542476,7.592661439360256,87.319801332806,10.291888376815521,105.92296636083043,4.469577256516604,0.0,1.6178326036696329,0.19150005078461474,89.89618825335847,-2.57638692055248,1.3247117954403338,-2.645302268684291,35.24732586172734,-0.6270630076041641,10.329576152718698,-0.0376877759031764,Southeast Asia,Brunei Darussalam
BRN,2017,49.57330652300989,3.858188215858968,34.804760189413955,29524.659127890023,35.60355390398863,1.7628664596795658,3.3458776046190337,85.17686042699853,10.292981095796208,105.9454598384181,4.444729805715281,0.0,1.8093326544542476,-0.046466194774681835,87.319801332806,-2.142940905807464,-1.320590473243957,5.178778689102925,34.620262854123176,0.1844973352907786,10.291888376815521,0.0010927189806864135,Southeast Asia,Brunei Darussalam
BRN,2018,51.93323978661864,3.804865528308425,41.06659592969336,29200.19520242216,41.964821980059135,2.1343213268176853,21.606512970782887,93.89806176667776,10.281930673248485,105.71809836948805,4.542209744538749,0.0,1.7628664596795658,0.3714548671381195,85.17686042699853,8.721201339679226,3.858188215858968,-0.05332268755054326,34.804760189413955,6.261835740279402,10.292981095796208,-0.01105042254772215,Southeast Asia,Brunei Darussalam
BRN,2019,57.94604053810804,2.771180079193237,38.67775349912088,29996.240722317503,50.56361781985063,2.327822624612715,18.64992883134964,108.50965835795864,10.308827343536349,106.27192119884269,4.686839186142768,0.0,2.1343213268176853,0.1935012977950299,93.89806176667776,14.611596591280886,3.804865528308425,-1.033685449115188,41.06659592969336,-2.388842430572474,10.281930673248485,0.026896670287863245,Southeast Asia,Brunei Darussalam
BRN,2020,57.35611141598781,4.710575652840309,40.58783027335826,30015.9588506697,52.93489224246415,6.832099064660076,184.33168124249568,110.29100365845196,10.309484480891822,106.28547026174931,4.70312236045302,0.0,2.327822624612715,4.504276440047361,108.50965835795864,1.7813453004933137,2.771180079193237,1.9393955736470723,38.67775349912088,1.9100767742373748,10.308827343536349,0.0006571373554731252,Southeast Asia,Brunei Darussalam
BRN,2021,80.16891080845369,1.4740498286723185,31.272567639655325,29256.183367834252,66.95420156686409,9.678450593331911,0.474010233515159,147.12311237531776,10.28384622750968,105.75749323106506,4.9912697354238285,0.0,6.832099064660076,2.8463515286718355,110.29100365845196,36.832108716865804,4.710575652840309,-3.236525824167991,40.58783027335826,-9.315262633702933,10.309484480891822,-0.02563825338214265,Southeast Asia,Brunei Darussalam
BRN,2022,86.38935688368467,-1.7394679771840054,25.851042942690068,28549.17560604654,60.58460899591258,11.62580713886936,11.734941548651406,146.97396587959724,10.259383339222298,105.25494650111207,4.99025546823429,0.0,9.678450593331911,1.947356545537449,147.12311237531776,-0.1491464957205153,1.4740498286723185,-3.213517805856324,31.272567639655325,-5.421524696965257,10.28384622750968,-0.02446288828738119,Southeast Asia,Brunei Darussalam
BRN,2023,76.70320248052049,-0.37050451622702,29.628207367220597,28645.96453962838,60.16023216995927,10.37913399057191,-0.6958224434720819,136.86343465047975,10.26276785845691,105.32440411657622,4.918983601296545,0.0,11.62580713886936,-1.2466731482974502,146.97396587959724,-10.110531229117498,-1.7394679771840054,1.3689634609569854,25.851042942690068,3.777164424530529,10.259383339222298,0.0033845192346113606,Southeast Asia,Brunei Darussalam
BRN,2024,74.27074180450217,0.1894490663499635,27.89896466327037,29563.86827530823,58.316697717457565,10.655315594149794,9.649248964933648,132.58743952195974,10.2943082283174,105.97278189960332,4.8872423486946674,0.0,10.37913399057191,0.2761816035778839,136.86343465047975,-4.275995128520009,-0.37050451622702,0.5599535825769835,29.628207367220597,-1.7292427039502272,10.26276785845691,0.03154036986049036,Southeast Asia,Brunei Darussalam
BTN,2002,22.920231962015585,0.4336159001186824,68.56944876441247,1427.2569331731463,47.363085238580986,6.931635704229662,1.900490205622532,70.28331720059657,7.2635096525471585,52.758572472645746,4.252534461985849,0.0,7.818625749089719,-0.886990044860057,71.09457472955879,-0.8112575289622157,,,61.38918064282217,7.180268121590302,7.186219080154109,0.07729057239304993,South Asia,Bhutan
BTN,2003,24.3568394131845,0.5169699088718669,66.86029799712198,1506.4152751782012,48.49306124617658,6.679683257562005,6.0393052977451305,72.84990065936108,7.317488117478866,53.545632349444396,4.288401169007629,0.0,6.931635704229662,-0.2519524466676568,70.28331720059657,2.566583458764512,0.4336159001186824,0.0833540087531845,68.56944876441247,-1.7091507672904953,7.2635096525471585,0.053978464931707215,South Asia,Bhutan
BTN,2004,29.651840162411297,1.204858664337226,67.73319343242439,1552.7391519580144,59.40871163801806,6.706622658826521,4.459947899805812,89.06055180042935,7.3477758450733655,53.98980986944361,4.489316495702224,0.0,6.679683257562005,0.02693940126451544,72.84990065936108,16.21065114106827,0.5169699088718669,0.6878887554653592,66.86029799712198,0.8728954353024108,7.317488117478866,0.030287727594499714,South Asia,Bhutan
BTN,2005,36.40439429634515,0.7218671509116137,61.2151499544783,1632.0216950057347,61.33901924658922,6.594809018536265,7.754223396856403,97.74341354293438,7.39757482894411,54.72411334982748,4.582345815960355,0.0,6.706622658826521,-0.11181364029025609,89.06055180042935,8.682861742505025,1.204858664337226,-0.4829915134256124,67.73319343242439,-6.518043477946087,7.3477758450733655,0.049798983870744884,South Asia,Bhutan
BTN,2006,51.81293031166491,0.649361841531609,47.80769294999243,1701.1187817358618,56.34486457946031,7.058428397950328,11.484913149231376,108.15779489112522,7.43904142049037,55.33933725577138,4.683591224615721,0.0,6.594809018536265,0.4636193794140633,97.74341354293438,10.414381348190844,0.7218671509116137,-0.07250530938000466,61.2151499544783,-13.40745700448587,7.39757482894411,0.04146659154625976,South Asia,Bhutan
BTN,2007,52.35712696542238,5.88132297381915,42.91836145164562,1952.257346037786,54.57189544957731,7.5602239220298575,25.03729387232588,106.92902241499968,7.576741595392812,57.40701320335561,4.672165272437423,0.0,7.058428397950328,0.5017955240795295,108.15779489112522,-1.2287724761255419,0.649361841531609,5.231961132287541,47.80769294999243,-4.889331498346806,7.43904142049037,0.13770017490244157,South Asia,Bhutan
BTN,2008,46.59897730510298,0.2386306232018397,44.16347852869251,2017.7601891340285,55.35525836441829,7.799965192954092,8.507656184123903,101.95423566952128,7.609743357942211,57.9081939737456,4.624524042695158,0.0,7.5602239220298575,0.23974127092423458,106.92902241499968,-4.974786745478397,5.88132297381915,-5.64269235061731,42.91836145164562,1.245117077046885,7.576741595392812,0.03300176254939924,South Asia,Bhutan
BTN,2009,42.46629308783997,1.3745290483950088,50.18927115259605,2148.564803750341,59.093118477404246,7.577621438205035,6.88027828183975,101.55941156524422,7.672555365082886,58.868105830262174,4.6206439628579385,0.0,7.799965192954092,-0.22234375474905743,101.95423566952128,-0.39482410427706327,0.2386306232018397,1.1358984251931692,44.16347852869251,6.025792623903541,7.609743357942211,0.06281200714067481,South Asia,Bhutan
BTN,2010,39.38704523763572,4.404872013453347,62.93345252459116,2378.728107609852,65.623621455957,7.877360416838713,20.183289392139585,105.01066669359273,7.774321215251078,60.440070357903,4.654061932555883,0.0,7.577621438205035,0.2997389786336786,101.55941156524422,3.4512551283485067,1.3745290483950088,3.0303429650583382,50.18927115259605,12.744181371995111,7.672555365082886,0.10176585016819217,South Asia,Bhutan
BTN,2011,37.92320187368182,1.5746151386045328,68.21999110283342,2552.488710730937,64.8723983474244,7.428699324313729,7.298484881131301,102.7956002211062,7.844824127200807,61.54126558671191,4.632742552699562,0.0,7.877360416838713,-0.44866109252498454,105.01066669359273,-2.2150664724865265,4.404872013453347,-2.830256874848814,62.93345252459116,5.286538578242258,7.774321215251078,0.07050291194972935,South Asia,Bhutan
BTN,2012,35.78810978661793,1.235473364167302,69.44872688668339,2654.7479894602684,58.25691736033911,7.959029223407628,6.786632114613724,94.04502714695704,7.8841050099469205,62.15911180787013,4.543773679781953,0.0,7.428699324313729,0.5303298990938989,102.7956002211062,-8.750573074149159,1.5746151386045328,-0.3391417744372309,68.21999110283342,1.2287357838499702,7.844824127200807,0.0392808827461133,South Asia,Bhutan
BTN,2013,37.43436594316339,1.0512765916337232,64.01432421433087,2671.074602011713,57.61817233487904,7.501879555902974,-5.253788062563885,95.05253827804243,7.890236143087461,62.25582639368369,4.554429773239026,0.0,7.959029223407628,-0.4571496675046536,94.04502714695704,1.0075111310853941,1.235473364167302,-0.1841967725335787,69.44872688668339,-5.434402672352519,7.8841050099469205,0.006131133140540257,South Asia,Bhutan
BTN,2014,34.18934140684321,1.1265694271956188,56.511954414231845,2797.818839719079,53.74491479448631,7.408986193568012,9.165862343978644,87.93425620132952,7.936595406781571,62.98954665094632,4.476589446647175,0.0,7.501879555902974,-0.09289336233496215,95.05253827804243,-7.118282076712916,1.0512765916337232,0.07529283556189559,64.01432421433087,-7.502369800099025,7.890236143087461,0.04635926369410992,South Asia,Bhutan
BTN,2015,31.536091004500395,0.2948581795511532,56.43111048667444,2954.0408191109696,58.1030694550492,7.311660633288749,4.414142614163865,89.63916045954959,7.990929281246013,63.85495077787492,4.495792283198881,0.0,7.408986193568012,-0.09732556027926265,87.93425620132952,1.7049042582200684,1.1265694271956188,-0.8317112476444657,56.511954414231845,-0.0808439275574031,7.936595406781571,0.054333874464441934,South Asia,Bhutan
BTN,2016,27.122833913239404,0.5040991876746025,56.3993877727553,3173.3677321743057,49.26191893659808,6.810829597525202,2.4230968076236934,76.38475284983748,8.062548679029444,65.00469120171942,4.335783106227422,0.0,7.311660633288749,-0.5008310357635475,89.63916045954959,-13.254407609712104,0.2948581795511532,0.2092410081234493,56.43111048667444,-0.031722713919144496,7.990929281246013,0.07161939778343118,South Asia,Bhutan
BTN,2017,28.446408023237733,-0.6388063669227292,54.16776905992749,3211.809032755935,48.34199366178437,6.909396759326414,6.457492446478369,76.78840168502211,8.074589618989068,65.19899751508602,4.341053609022725,0.0,6.810829597525202,0.0985671618012125,76.38475284983748,0.4036488351846259,0.5040991876746025,-1.1429055545973317,56.3993877727553,-2.23161871282781,8.062548679029444,0.012040939959623742,South Asia,Bhutan
BTN,2018,29.18971919307325,0.1025594268977904,54.01551733047927,3300.5500646173587,50.55000113653503,8.747056654027254,2.700358109698797,79.73972032960828,8.101844419811647,65.63988300283312,4.378767834668507,0.0,6.909396759326414,1.83765989470084,76.78840168502211,2.9513186445861663,-0.6388063669227292,0.7413657938205196,54.16776905992749,-0.15225172944821708,8.074589618989068,0.02725480082257903,South Asia,Bhutan
BTN,2019,31.457503261759797,0.4756170423442459,46.08535792866191,3467.3859897935567,44.66601344239075,6.131166691486316,-2.5038772812559102,76.12351670415055,8.151156271992651,66.44134857044513,4.332357240837277,0.0,8.747056654027254,-2.6158899625409386,79.73972032960828,-3.6162036254577288,0.1025594268977904,0.3730576154464555,54.01551733047927,-7.930159401817363,8.101844419811647,0.04931185218100431,South Asia,Bhutan
BTN,2020,28.065635514450243,-0.1134015289474332,39.070572342476304,3092.124283993629,43.76471552501346,4.929171061714636,-24.316641311189272,71.83035103946371,8.03661360424026,64.58715822385963,4.274307103161831,0.0,6.131166691486316,-1.2019956297716794,76.12351670415055,-4.293165664686839,0.4756170423442459,-0.5890185712916791,46.08535792866191,-7.014785586185603,8.151156271992651,-0.11454266775239041,South Asia,Bhutan
BTN,2021,29.198740692453708,0.2449835754080473,44.38859603365575,3206.2036699725377,48.38370757852885,7.2241827823538785,4.187843704045207,77.58244827098257,8.072842858903579,65.1707918245505,4.351341219531183,0.0,4.929171061714636,2.295011720639242,71.83035103946371,5.75209723151886,-0.1134015289474332,0.3583851043554805,39.070572342476304,5.318023691179448,8.03661360424026,0.0362292546633185,South Asia,Bhutan
BTN,2022,25.498839958787627,0.2899046551372528,55.7788292981126,3349.733096327985,60.07237656382627,8.727092291333962,6.727033346815546,85.5712165226139,8.116635948907156,65.87977912709196,4.449348971024173,0.0,7.2241827823538785,1.5029095089800837,77.58244827098257,7.988768251631328,0.2449835754080473,0.044921079729205476,44.38859603365575,11.390233264456846,8.072842858903579,0.04379309000357701,South Asia,Bhutan
BTN,2023,28.38810789756577,0.3383395665229456,45.26573648012617,3480.5138852318423,53.34851995641531,7.851818493930278,-0.1043189783188864,81.73662785398109,8.154935230036719,66.50296860609403,4.403502222746127,0.0,8.727092291333962,-0.8752737974036844,85.5712165226139,-3.8345886686328043,0.2899046551372528,0.048434911385692836,55.7788292981126,-10.513092817986426,8.116635948907156,0.0382992811295626,South Asia,Bhutan
BTN,2024,31.49486024221413,0.0841982308924301,42.60143228366001,3717.210531147056,47.86768155311824,6.617940858263227,2.5752175241976545,79.36254179533236,8.220728808765111,67.58038214726065,4.3740264911347335,0.0,7.851818493930278,-1.233877635667051,81.73662785398109,-2.3740860586487287,0.3383395665229456,-0.2541413356305155,45.26573648012617,-2.664304196466162,8.154935230036719,0.06579357872839253,South Asia,Bhutan
IDN,2000,40.97730847387039,-2.757439933509029,22.2456969315568,1828.1026596836075,30.4595674435027,22.659751207872613,5.984746387231169,71.43687591737309,7.511033910001543,56.41563039719306,4.268814205452101,0.0,,,,,,,,,,,Southeast Asia,Indonesia
IDN,2001,39.03213909551109,-1.8556861930052304,22.539266316066968,1868.5917230729224,30.761068430112697,30.754597217312284,3.30030324335479,69.79320752562379,7.532940336868644,56.745190118822684,4.245536691646593,0.0,22.659751207872613,8.09484600943967,71.43687591737309,-1.6436683917493013,-2.757439933509029,0.9017537405037985,22.2456969315568,0.29356938451016745,7.511033910001543,0.021906426867101203,Southeast Asia,Indonesia
IDN,2002,32.68762088783749,0.0741516383181159,21.40407020751733,1926.3743586814855,26.39184087853478,31.953278494070865,5.288160034626642,59.07946176637226,7.563394944540807,57.20494308710544,4.078883347370703,0.0,30.754597217312284,1.198681276758581,69.79320752562379,-10.713745759251523,-1.8556861930052304,1.9298378313233464,22.539266316066968,-1.1351961085496391,7.532940336868644,0.030454607672163014,Southeast Asia,Indonesia
IDN,2003,30.477654780966105,-0.2542563203810049,25.59849838697871,1991.9182050647316,23.138838966335477,28.252841844456896,5.333273881599382,53.616493747301575,7.5968533755869965,57.71218121016754,3.9818567399069984,0.0,31.953278494070865,-3.7004366496139696,59.07946176637226,-5.462968019070686,0.0741516383181159,-0.32840795869912076,21.40407020751733,4.194428179461383,7.563394944540807,0.033458431046189396,Southeast Asia,Indonesia
IDN,2004,32.216694618259865,0.7382439798875625,24.05636637477175,2065.706174708416,27.54460021843117,28.065826585653564,6.3830644549747575,59.76129483669104,7.633227420160032,58.26616084788298,4.090358207870469,0.0,28.252841844456896,-0.18701525880333136,53.616493747301575,6.144801089389468,-0.2542563203810049,0.9925003002685674,25.59849838697871,-1.542132012206963,7.5968533755869965,0.03637404457303539,Southeast Asia,Indonesia
IDN,2005,34.0672676279992,2.916114833130667,25.0814099389568,2155.4478015920963,29.920668240864277,27.40750748004591,4.598125256934907,63.98793586886347,7.675753777513591,58.91719605301416,4.1586945635419195,0.0,28.065826585653564,-0.6583191056076529,59.76129483669104,4.226641032172424,0.7382439798875625,2.1778708532431046,24.05636637477175,1.0250435641850508,7.633227420160032,0.04252635735355881,Southeast Asia,Indonesia
IDN,2006,31.03471631431658,1.347942640689309,25.40021729435477,2244.0802226201995,25.62241050057008,27.537574080245403,4.585164742389395,56.65712681488665,7.716051015834325,59.53744327895792,4.0370177838841155,0.0,27.40750748004591,0.13006660019949123,63.98793586886347,-7.3308090539768145,2.916114833130667,-1.568172192441358,25.0814099389568,0.318807355397972,7.675753777513591,0.04029723832073451,Southeast Asia,Indonesia
IDN,2007,29.43571848512635,1.603010571887896,24.92028384872565,2355.1528565328035,25.393531493081102,27.048412748793112,4.665295857643287,54.82924997820746,7.764360911576748,60.28530036522091,4.004223810281863,0.0,27.537574080245403,-0.4891613314522907,56.65712681488665,-1.827876836679195,1.347942640689309,0.25506793119858706,25.40021729435477,-0.479933445629122,7.716051015834325,0.04830989574242306,Southeast Asia,Indonesia
IDN,2008,29.808284167373174,1.8263290240399837,27.816244579858303,2464.6019341827223,28.753115463922885,27.81427298543027,3.657380270682921,58.56139963129606,7.809785586289369,60.99275090381318,4.070075770175087,0.0,27.048412748793112,0.7658602366371596,54.82924997820746,3.732149653088605,1.603010571887896,0.22331845215208768,24.92028384872565,2.8959607311326536,7.764360911576748,0.04542467471262057,Southeast Asia,Indonesia
IDN,2009,24.15911966862791,0.90391941965406,30.98519241399812,2546.2196970776718,21.35300170007748,26.35547452710641,2.212063014418092,45.51212136870539,7.842365066469775,61.502689835785475,3.8179786941855487,0.0,27.81427298543027,-1.4587984583238622,58.56139963129606,-13.049278262590676,1.8263290240399837,-0.9224096043859237,27.816244579858303,3.168947834139818,7.809785586289369,0.032579480180405795,Southeast Asia,Indonesia
IDN,2010,24.299030936640783,2.0251791456935604,32.88012145335585,2670.812909895296,22.402242939232924,22.03862859244381,4.741673646406497,46.7012738758737,7.890138165690503,62.2542802736859,3.8437714421587854,0.0,26.35547452710641,-4.316845934662599,45.51212136870539,1.1891525071683162,0.90391941965406,1.1212597260395003,30.98519241399812,1.8949290393577272,7.842365066469775,0.04777309922072881,Southeast Asia,Indonesia
IDN,2011,26.3273530888836,2.3029842938159204,32.98433325930453,2799.624687903184,23.85266009522677,21.760854503847558,6.259495883288352,50.18001318411037,7.93724064714455,62.99978909068363,3.9156168036745984,0.0,22.03862859244381,-0.27777408859625297,46.7012738758737,3.478739308236669,2.0251791456935604,0.27780514812236,32.88012145335585,0.10421180594867963,7.890138165690503,0.04710248145404616,Southeast Asia,Indonesia
IDN,2012,24.59437878817687,2.309780318530732,35.07159361088928,2930.5184453229954,24.988519511085837,21.45095505538752,5.619775893774744,49.5828982992627,7.98293463015465,63.72724530932236,3.903645981922757,0.0,21.760854503847558,-0.3098994484600368,50.18001318411037,-0.5971148848476702,2.3029842938159204,0.006796024714811555,32.98433325930453,2.087260351584753,7.93724064714455,0.04569398301010086,Southeast Asia,Indonesia
IDN,2013,23.92357637936048,2.551356334010577,33.83135678790178,3055.242460064688,24.7137962959288,21.028688681721835,4.368904418645641,48.637372675289285,8.024614233453086,64.39443359573785,3.8843922204771615,0.0,21.45095505538752,-0.42226637366568553,49.5828982992627,-0.9455256239734169,2.309780318530732,0.2415760154798452,35.07159361088928,-1.240236822987498,7.98293463015465,0.04167960329843545,Southeast Asia,Indonesia
IDN,2014,23.66598459693668,2.819972604121023,34.6003439149803,3170.7210301142886,24.41419098858603,21.07517605055649,4.644275929409076,48.08017558552271,8.061714295302249,64.99123737908063,3.8728699421654316,0.0,21.028688681721835,0.04648736883465432,48.637372675289285,-0.557197089766575,2.551356334010577,0.26861627011044575,33.83135678790178,0.7689871270785176,8.024614233453086,0.03710006184916281,Southeast Asia,Indonesia
IDN,2015,21.160179259805854,2.2976163938044087,34.062792180338576,3288.222697255384,20.77746098172352,20.98578743102056,4.329308881558845,41.93764024152938,8.098102484191292,65.57926384446517,3.7361837587866225,0.0,21.07517605055649,-0.08938861953592792,48.08017558552271,-6.14253534399333,2.819972604121023,-0.5223562103166142,34.6003439149803,-0.537551734641724,8.061714295302249,0.036388188889043604,Southeast Asia,Indonesia
IDN,2016,19.088993853666448,0.4873724713688788,33.85873930394622,3416.810051709715,18.33234794866538,20.52297468050522,4.256515215143367,37.421341802331824,8.136462661371946,66.20202463989985,3.622241178095417,0.0,20.98578743102056,-0.4628127505153401,41.93764024152938,-4.516298439197556,2.2976163938044087,-1.81024392243553,34.062792180338576,-0.20405287639235326,8.098102484191292,0.03836017718065321,Southeast Asia,Indonesia
IDN,2017,20.1773044351106,2.0194891981258167,33.71059479577505,3553.519992623214,19.178192635349987,20.160022361434702,4.2932317783004095,39.355497070460586,8.175693938429037,66.8419713748653,3.672635661941803,0.0,20.52297468050522,-0.3629523190705193,37.421341802331824,1.9341552681287624,0.4873724713688788,1.532116726756938,33.85873930394622,-0.1481445081711712,8.136462661371946,0.03923127705709106,Southeast Asia,Indonesia
IDN,2018,21.002746497245457,1.814289793494413,34.57058583197068,3701.3215546191177,22.0715624579547,19.863193383596307,4.274007553532712,43.07430895520015,8.21644521178391,67.50997191824673,3.7629267394576833,0.0,20.160022361434702,-0.2968289778383948,39.355497070460586,3.7188118847395657,2.0194891981258167,-0.20519940463140363,33.71059479577505,0.8599910361956304,8.175693938429037,0.04075127335487316,Southeast Asia,Indonesia
IDN,2019,18.59152779708829,2.2333620428224124,33.78014237739954,3850.903217389789,19.036249738622523,19.703539087551267,3.7977842664278256,37.62777753571081,8.25606300168653,68.16257628781719,3.627742541891495,0.0,19.863193383596307,-0.15965429604504067,43.07430895520015,-5.4465314194893395,1.814289793494413,0.41907224932799925,34.57058583197068,-0.7904434545711396,8.21644521178391,0.03961778990261955,Southeast Asia,Indonesia
IDN,2020,17.3311682848923,1.8105840202712653,32.343412053748146,3739.4490656316098,15.641007115350442,19.866421885630384,-2.9318067396569774,32.97217540024274,8.226693570902942,67.6784871095358,3.495664036109364,0.0,19.703539087551267,0.1628827980791172,37.62777753571081,-4.655602135468072,2.2333620428224124,-0.42277802255114705,33.78014237739954,-1.4367303236513962,8.25606300168653,-0.029369430783587447,Southeast Asia,Indonesia
IDN,2021,21.416555639065315,1.7878556314554013,31.4488724858485,3850.688772539029,18.788202635901825,19.243407781773843,3.3893258503485413,40.20475827496714,8.256007313238973,68.1616567562554,3.6939853536693197,0.0,19.866421885630384,-0.6230141038565407,32.97217540024274,7.2325828747244,1.8105840202712653,-0.02272838881586403,32.343412053748146,-0.8945395678996455,8.226693570902942,0.029313742336031012,Southeast Asia,Indonesia
IDN,2022,24.50291168628321,1.872641008614252,29.74531382122593,4024.912252883909,20.96175850966211,18.33617710803288,4.8923423652707925,45.46467019594532,8.300258389089292,68.89428932564716,3.8169355451307876,0.0,19.243407781773843,-0.9072306737409619,40.20475827496714,5.259911920978176,1.7878556314554013,0.0847853771588507,31.4488724858485,-1.7035586646225696,8.256007313238973,0.044251075850318955,Southeast Asia,Indonesia
IDN,2023,21.8085632197562,1.5711696640874673,30.34263906294977,4192.644010341808,19.6519133249671,18.667448791678268,4.639767203829749,41.4604765447233,8.341086842622474,69.57372971616975,3.724740601025593,0.0,18.33617710803288,0.3312716836453866,45.46467019594532,-4.0041936512220175,1.872641008614252,-0.3014713445267847,29.74531382122593,0.5973252417238406,8.300258389089292,0.040828453533181985,Southeast Asia,Indonesia
IDN,2024,22.30964877026057,1.7385529031636826,31.396316156558047,4367.947418479384,20.50028910056144,18.98400400437404,4.428371834147214,42.809937870822,8.382048479458371,70.2587367119904,3.7567702688785767,0.0,18.667448791678268,0.31655521269577136,41.4604765447233,1.349461326098698,1.5711696640874673,0.16738323907621533,30.34263906294977,1.0536770936082753,8.341086842622474,0.04096163683589715,Southeast Asia,Indonesia
IND,2000,12.997236311347852,0.7652116942808174,25.677316683955027,756.7041095331869,13.9036865990995,15.927023018432257,7.299097849011133,26.90092291044736,6.628972304547612,43.94327381445928,3.292160594957819,26.90092291044736,,,,,,,,,,,South Asia,India
IND,2001,12.558379633910777,1.0563802099335802,29.90788898273245,778.5073775224986,13.434875119525744,15.307021283153093,2.2703251937848563,25.99325475343652,6.6573784678155326,44.32068806373389,3.2578370718029,25.99325475343652,15.927023018432257,-0.620001735279164,26.90092291044736,-0.9076681570108391,0.7652116942808174,0.2911685156527628,25.677316683955027,4.230572298777425,6.628972304547612,0.028406163267920448,South Asia,India
IND,2002,14.26438392431474,1.0115694648991929,30.251300120718614,793.6159129010017,15.24427901074666,15.55870172629556,6.866763607650242,29.5086629350614,6.676599607308194,44.576982316307934,3.3846838790521043,29.5086629350614,15.307021283153093,0.25168044314246707,25.99325475343652,3.5154081816248777,1.0563802099335802,-0.04481074503438731,29.90788898273245,0.34341113798616263,6.6573784678155326,0.0192211394926618,South Asia,India
IND,2003,14.947913858173406,0.6058878570917923,30.8396999424416,841.2788945624084,15.644522274734577,15.58738664864604,6.336610322550911,30.592436132907984,6.734923227545798,45.35919088093591,3.420752793203953,30.592436132907984,15.55870172629556,0.02868492235048059,29.5086629350614,1.083773197846586,1.0115694648991929,-0.4056816078074006,30.251300120718614,0.5883998217229873,6.676599607308194,0.05832362023760407,South Asia,India
IND,2004,17.859124963047883,0.765596855110284,35.09649170177731,892.5966145807181,19.6446890963991,15.827245740502711,7.383253310659725,37.50381405944698,6.794134759426066,46.16026712924148,3.624442636056351,37.50381405944698,15.58738664864604,0.23985909185667076,30.592436132907984,6.9113779265389965,0.6058878570917923,0.1597089980184917,30.8396999424416,4.256791759335709,6.734923227545798,0.05921153188026729,South Asia,India
IND,2005,19.60524669483348,0.8860983784588226,37.42826401659831,947.7325656442716,22.396422920035626,15.97301704461314,9.349088691146918,42.00166961486911,6.854072358705506,46.97830789837086,3.7377093702282282,42.00166961486911,15.827245740502711,0.14577130411042916,37.50381405944698,4.497855555422127,0.765596855110284,0.12050152334853859,35.09649170177731,2.331772314821002,6.794134759426066,0.05993759927943998,South Asia,India
IND,2006,21.26794142219655,2.1301684253449515,38.99850637175316,1008.2327534481848,24.45653907706868,17.303653331192518,17.78779231797725,45.724480499265226,6.915954328175177,47.830424269404965,3.8226338327966465,45.724480499265226,15.97301704461314,1.3306362865793773,42.00166961486911,3.722810884396118,0.8860983784588226,1.244070046886129,37.42826401659831,1.5702423551548463,6.854072358705506,0.06188196946967128,South Asia,India
IND,2007,20.79969974890322,2.0733940466875365,41.95079822673341,1069.246968122337,24.88656893044476,16.864567775406833,6.98058873129321,45.686268679347975,6.974709911584959,48.64657835076147,3.82179778621599,45.686268679347975,17.303653331192518,-0.43908555578568453,45.724480499265226,-0.03821181991725098,2.1301684253449515,-0.05677437865741508,38.99850637175316,2.9522918549802526,6.915954328175177,0.058755583409782375,South Asia,India
IND,2008,24.097357260139106,3.6205232354016994,38.42241965281916,1086.506052510045,29.270863179083523,17.09867414895781,4.663615482395016,53.36822043922263,6.990722370329882,48.87019925903065,3.97721544594925,53.36822043922263,16.864567775406833,0.23410637355097563,45.686268679347975,7.681951759874657,2.0733940466875365,1.547129188714163,41.95079822673341,-3.528378573914253,6.974709911584959,0.016012458744922853,South Asia,India
IND,2009,20.400519374356367,2.651590332354788,39.2567917551336,1155.10163273817,25.872350268527367,17.143577667284617,10.967629778823463,46.27286964288373,7.051943612797376,49.72990871807371,3.83455582050915,46.27286964288373,17.09867414895781,0.04490351832680872,53.36822043922263,-7.095350796338906,3.6205232354016994,-0.9689329030469116,38.42241965281916,0.8343721023144397,6.990722370329882,0.06122124246749383,South Asia,India
IND,2010,22.40093324879449,1.635034094349096,39.78562418477355,1235.1593913293866,26.85427324862164,17.029934249862396,7.695106464358645,49.25520649741613,7.118955302539491,50.67952459955514,3.897015077714165,49.25520649741613,17.143577667284617,-0.11364341742222095,46.27286964288373,2.982336854532406,2.651590332354788,-1.0165562380056918,39.2567917551336,0.5288324296399551,7.051943612797376,0.06701168974211491,South Asia,India
IND,2011,24.54041131957129,2.0020634629993026,39.590421855218985,1281.610543549368,31.08346869395848,16.139337444628858,3.1250562390001875,55.62388001352977,7.155872803144618,51.20651557478481,4.018612605695472,55.62388001352977,17.029934249862396,-0.8905968052335389,49.25520649741613,6.368673516113638,1.635034094349096,0.36702936865020663,39.78562418477355,-0.19520232955456862,7.118955302539491,0.036917500605126996,South Asia,India
IND,2012,24.534430661417986,1.312934530353232,38.34741567304032,1333.0962655764886,31.25929106733316,15.816923007106634,5.453083306863533,55.79372172875114,7.195259534807845,51.77175977324321,4.021661349235446,55.79372172875114,16.139337444628858,-0.3224144375222231,55.62388001352977,0.16984171522136648,2.0020634629993026,-0.6891289326460706,39.590421855218985,-1.243006182178668,7.155872803144618,0.03938673166322726,South Asia,India
IND,2013,25.43086130051904,1.5162764665974964,34.023197899754784,1399.453798028096,28.413270646158683,15.253022692585985,4.965847439565962,53.84413194667773,7.2438372952116294,52.473178759498936,3.9860934273151662,53.84413194667773,15.816923007106634,-0.5639003145206498,55.79372172875114,-1.94958978207341,1.312934530353232,0.20334193624426433,38.34741567304032,-4.3242177732855325,7.195259534807845,0.048577760403784254,South Asia,India
IND,2014,22.96796300811724,1.6956595899080626,34.26780562688356,1484.316406829612,25.954222738949667,15.065570110758902,7.895669766297743,48.922185747066905,7.30270961315018,53.32956769399605,3.8902309898508345,48.922185747066905,15.253022692585985,-0.1874525818270829,53.84413194667773,-4.921946199610822,1.5162764665974964,0.17938312331056627,34.023197899754784,0.24460772712877343,7.2438372952116294,0.05887231793855019,South Asia,India
IND,2015,19.813189156404547,2.092115214432529,32.11673013582761,1583.998159079848,22.109724709460167,15.583854586371334,13.059393581395868,41.92291386586472,7.36770741017663,54.28311248197162,3.735832547756054,41.92291386586472,15.065570110758902,0.5182844756124325,48.922185747066905,-6.9992718812021835,1.6956595899080626,0.39645562452446614,34.26780562688356,-2.1510754910559484,7.30270961315018,0.06499779702645014,South Asia,India
IND,2016,19.158234910594626,1.937364122443896,30.172690580036,1694.465349737867,20.9242508026814,15.1622371332529,7.926821420840397,40.08248571327602,7.435122542173448,55.28104721713576,3.6909394736478354,40.08248571327602,15.583854586371334,-0.4216174531184347,41.92291386586472,-1.8404281525887,2.092115214432529,-0.1547510919886328,32.11673013582761,-1.9440395557916084,7.36770741017663,0.06741513199681837,South Asia,India
IND,2017,18.791764839298228,1.5073158325589415,30.98217283447331,1788.697703184812,21.9507321152243,15.018238750171792,7.527063602912193,40.74249695452253,7.489243093928835,56.08876211996074,3.707271698918603,40.74249695452253,15.1622371332529,-0.14399838308110802,40.08248571327602,0.660011241246508,1.937364122443896,-0.43004828988495447,30.172690580036,0.8094822544373095,7.435122542173448,0.05412055175538644,South Asia,India
IND,2018,19.927828598856166,1.558214838014558,32.34321821544847,1883.3577270505516,23.689140733532724,14.881530667301684,5.411556885037157,43.61696933238889,7.540811487804717,56.86383789460759,3.775446279505724,43.61696933238889,15.018238750171792,-0.13670808287010772,40.74249695452253,2.8744723778663612,1.5073158325589415,0.05089900545561643,30.98217283447331,1.3610453809751633,7.489243093928835,0.051568393875882634,South Asia,India
IND,2019,18.664264897257038,1.784826339571607,30.09619756856875,1936.030677410632,21.24113863338716,13.455807563339416,-2.974962942083849,39.90540353064419,7.568395113480934,57.28060459376208,3.68651174155962,39.90540353064419,14.881530667301684,-1.4257231039622678,43.61696933238889,-3.7115658017446975,1.558214838014558,0.22661150155704912,32.34321821544847,-2.2470206468797222,7.540811487804717,0.027583625676216528,South Asia,India
IND,2020,18.68247692967557,2.4062032267363627,28.922384008065865,1806.501105838652,19.07562839960119,14.120485357692278,3.0736109935103286,37.75810532927675,7.499147162731793,56.23720816830831,3.631200163357306,37.75810532927675,13.455807563339416,0.6646777943528619,39.90540353064419,-2.147298201367441,1.784826339571607,0.6213768871647556,30.09619756856875,-1.1738135605028859,7.568395113480934,-0.06924795074914059,South Asia,India
IND,2021,21.399158330551472,1.41217101040888,32.11582217550139,1965.3094343747164,24.02393045349313,14.377028853128614,9.955219671749589,45.423088784044594,7.583404984870028,57.50803116455159,3.8160205392979116,45.423088784044594,14.120485357692278,0.25654349543633614,37.75810532927675,7.664983454767842,2.4062032267363627,-0.9940322163274826,28.922384008065865,3.193438167435527,7.499147162731793,0.08425782213823485,South Asia,India
IND,2022,24.04017163659564,1.5366524174839336,34.41179623573546,2098.2112447612194,26.6577666392086,13.33272026239736,-1.744196563454409,50.69793827580423,7.64884047252486,58.50476057413432,3.925885244598773,50.69793827580423,14.377028853128614,-1.0443085907312533,45.423088784044594,5.274849491759639,1.41217101040888,0.12448140707505351,32.11582217550139,2.295974060234066,7.583404984870028,0.06543548765483198,South Asia,India
IND,2023,22.354801966733017,0.8022549958367563,34.50468435381201,2229.71491223037,23.968150091500824,13.312843875072025,12.707025648704672,46.32295205823384,7.709629014232512,59.43837953709577,3.8356375630611086,46.32295205823384,13.33272026239736,-0.019876387325336253,50.69793827580423,-4.374986217570395,1.5366524174839336,-0.7343974216471773,34.41179623573546,0.0928881180765515,7.64884047252486,0.06078854170765169,South Asia,India
IND,2024,22.0639816354399,0.7216484835267775,34.34590604047456,2366.832891032305,23.85270913243492,13.1392199491326,9.289033655985564,45.91669076787482,7.769308007542342,60.36214691606156,3.826828684254972,45.91669076787482,13.312843875072025,-0.17362392593942388,46.32295205823384,-0.40626129035901926,0.8022549958367563,-0.08060651230997884,34.50468435381201,-0.15877831333745007,7.709629014232512,0.05967899330983073,South Asia,India
KHM,2000,49.30490027069007,3.202575923656084,20.34425094115005,598.5619152521472,61.09222503304061,15.82616625101153,30.286601289634064,110.39712530373068,6.394529970361068,40.890013541845924,4.704084094588493,0.0,,,,,,,,,,,Southeast Asia,Cambodia
KHM,2001,51.17977520129621,3.5333766908954622,20.2055208570396,632.8335739808495,60.59196604270447,17.25418940407383,13.344411412849368,111.7717412440007,6.45020747127365,41.605176422474415,4.716458767089813,0.0,15.82616625101153,1.4280231530623002,110.39712530373068,1.3746159402700187,3.202575923656084,0.33080076723937824,20.34425094115005,-0.13873008411045262,6.394529970361068,0.055677500912581834,Southeast Asia,Cambodia
KHM,2002,54.18895047633896,2.909347732116608,23.868414318252952,662.1883412834542,64.0806115959488,18.91548631589608,13.051123644210818,118.26956207228775,6.495550018922903,42.192170048329324,4.772966443476832,0.0,17.25418940407383,1.661296911822248,111.7717412440007,6.497820828287061,3.5333766908954622,-0.6240289587788541,20.2055208570396,3.662893461213354,6.45020747127365,0.04534254764925283,Southeast Asia,Cambodia
KHM,2003,54.228624017640726,1.616516850321357,24.00582246923325,719.3334942405086,65.84634507595803,19.89689860288736,11.950321189505075,120.07496909359874,6.578325080839253,43.274360869198766,4.788116290158381,0.0,18.91548631589608,0.9814122869912829,118.26956207228775,1.8054070213109839,2.909347732116608,-1.2928308817952512,23.868414318252952,0.13740815098029913,6.495550018922903,0.08277506191635009,Southeast Asia,Cambodia
KHM,2004,60.818357369997535,2.2337173477841006,23.97299635218848,775.8471390309785,70.5331236862783,21.21946892735079,16.041157649220054,131.35148105627584,6.653955514994149,44.27512399552106,4.877876791715302,0.0,19.89689860288736,1.3225703244634275,120.07496909359874,11.276511962677105,1.616516850321357,0.6172004974627436,24.00582246923325,-0.03282611704477034,6.578325080839253,0.07563043415489634,Southeast Asia,Cambodia
KHM,2005,61.03991635531823,5.366038526212551,24.30015366277652,866.3402901232085,72.51204891032963,20.77943186469941,9.948797007116468,133.55196526564785,6.7642777760949,45.75545383217137,4.894490655027239,0.0,21.21946892735079,-0.44003706265137765,131.35148105627584,2.200484209372007,2.2337173477841006,3.132321178428451,23.97299635218848,0.32715731058803854,6.653955514994149,0.11032226110075083,Southeast Asia,Cambodia
KHM,2006,64.67232933126797,5.786570719261892,25.247663579214468,947.0652200506912,75.67640498721552,22.09961337359083,15.862228598766492,140.34873431848348,6.853367960984322,46.9686524086464,4.944130284730061,0.0,20.77943186469941,1.3201815088914195,133.55196526564785,6.796769052835629,5.366038526212551,0.42053219304934064,24.30015366277652,0.9475099164379479,6.7642777760949,0.08909018488942166,Southeast Asia,Cambodia
KHM,2007,61.13658699428254,8.563346094703613,25.691460281420696,1030.2311762079162,72.5634368325363,21.27086611281824,9.71811529122452,133.70002382681884,6.9375384989604445,48.12944042455834,4.8955986623189425,0.0,22.09961337359083,-0.828747260772591,140.34873431848348,-6.6487104916646445,5.786570719261892,2.776775375441721,25.247663579214468,0.44379670220622813,6.853367960984322,0.08417053797612262,Southeast Asia,Cambodia
KHM,2008,61.77878568455937,6.695908185140562,23.08002000138767,1090.5747580614675,68.61472499417704,19.690011031232626,5.774002257575589,130.39351067873642,6.994460137222706,48.92247261119748,4.8705568835206305,0.0,21.27086611281824,-1.5808550815856144,133.70002382681884,-3.3065131480824164,8.563346094703613,-1.8674379095630513,25.691460281420696,-2.611440280033026,6.9375384989604445,0.05692163826226171,Southeast Asia,Cambodia
KHM,2009,46.21099500815934,7.425425545200666,26.33232792901388,1117.2583419451437,56.07695400654063,19.09216487344067,-0.157081118113183,102.28794901469998,7.018633054283914,49.26120995068674,4.627791865575748,0.0,19.690011031232626,-0.597846157791956,130.39351067873642,-28.105561664036443,6.695908185140562,0.7295173600601039,23.08002000138767,3.252307927626209,6.994460137222706,0.0241729170612075,Southeast Asia,Cambodia
KHM,2010,50.2265428540514,10.16980718993904,22.317490039602983,1155.8523685669866,59.77185775370624,19.693367344339137,14.760503503458338,109.99840060775765,7.052593332224765,49.739072709741215,4.7004658257572345,0.0,19.09216487344067,0.6012024708984676,102.28794901469998,7.71045159305767,7.425425545200666,2.7443816447383735,26.33232792901388,-4.014837889410895,7.018633054283914,0.03396027794085121,Southeast Asia,Cambodia
KHM,2011,49.92117726435313,9.59845134883877,22.3677149230901,1221.388398524541,59.86932790246138,20.592106790823586,14.7133617423372,109.7905051668145,7.107743522237734,50.520017977912474,4.698574051445769,0.0,19.693367344339137,0.8987394464844485,109.99840060775765,-0.2078954409431475,10.16980718993904,-0.571355841100269,22.317490039602983,0.05022488348711818,7.052593332224765,0.05515019001296917,Southeast Asia,Cambodia
KHM,2012,53.28500258655203,11.15249124451118,24.67123326563874,1295.2527147789317,63.455230831660295,20.921254490979617,8.743442771897733,116.74023341821233,7.166461101642465,51.358164721354534,4.75995123924437,0.0,20.592106790823586,0.3291477001560317,109.7905051668145,6.949728251397829,9.59845134883877,1.5540398956724104,22.3677149230901,2.3035183425486387,7.107743522237734,0.05871757940473099,Southeast Asia,Cambodia
KHM,2013,56.62056577454242,10.443058764419256,26.85200950019756,1376.295575959256,68.26698699411465,21.60353582430736,10.763780474333927,124.88755276865706,7.227150803535254,52.23170873704027,4.827413754588581,0.0,20.921254490979617,0.6822813333277438,116.74023341821233,8.147319350444732,11.15249124451118,-0.7094324800919249,24.67123326563874,2.18077623455882,7.166461101642465,0.060689701892789216,Southeast Asia,Cambodia
KHM,2014,56.62954802968698,8.409020203006557,30.01267160736784,1464.531158669268,67.82536049700579,21.799972512097398,8.32289208199208,124.45490852669276,7.289290442019108,53.13375514811112,4.823943469793069,0.0,21.60353582430736,0.19643668779003676,124.88755276865706,-0.4326442419642973,10.443058764419256,-2.0340385614126983,26.85200950019756,3.1606621071702783,7.227150803535254,0.06213963848385351,Southeast Asia,Cambodia
KHM,2015,55.981220312404375,7.54029662001984,29.871493816829812,1547.320104443935,66.12837650297456,22.45710020607376,9.865623265900055,122.10959681537894,7.344279748653595,53.938445026483315,4.80491897602455,0.0,21.799972512097398,0.6571276939763635,124.45490852669276,-2.345311711313826,8.409020203006557,-0.8687235829867177,30.01267160736784,-0.14117779053802693,7.289290442019108,0.054989306634487534,Southeast Asia,Cambodia
KHM,2016,56.43183772182338,9.32318507305764,30.385032575900823,1645.4667157812587,66.27271788084374,22.73403561765545,8.865974330085066,122.70455560266711,7.405779340759346,54.84556764401793,4.809779479003737,0.0,22.45710020607376,0.27693541158168955,122.10959681537894,0.5949587872881779,7.54029662001984,1.7828884530378009,29.871493816829812,0.513538759071011,7.344279748653595,0.06149959210575062,Southeast Asia,Cambodia
KHM,2017,56.3000536720904,9.497602030987432,30.633452691938206,1753.9353050466204,64.85539762659837,23.155123179531277,10.503287295057604,121.1554512986888,7.4696172880139295,55.79518242939657,4.797074442525006,0.0,22.73403561765545,0.42108756187582586,122.70455560266711,-1.5491043039783108,9.32318507305764,0.1744169579297914,30.385032575900823,0.24842011603738356,7.405779340759346,0.06383794725458358,Southeast Asia,Cambodia
KHM,2018,55.47139735662079,9.69240300027112,30.73941924485121,1884.28374817086,62.966258056428806,23.56639278751647,12.170856086351565,118.4376554130496,7.541303053228362,56.87125174063142,4.774386707470499,0.0,23.155123179531277,0.41126960798519363,121.1554512986888,-2.7177958856392053,9.497602030987432,0.19480096928368873,30.633452691938206,0.10596655291300294,7.4696172880139295,0.0716857652144327,Southeast Asia,Cambodia
KHM,2019,55.44686797291194,9.98500044202808,31.394554193510366,2008.32094006706,60.28981109953595,24.615647197701296,10.54600210129874,115.73667907244788,7.60505429875074,57.836850886947104,4.751317602736355,0.0,23.56639278751647,1.049254410184826,118.4376554130496,-2.700976340601713,9.69240300027112,0.2925974417569588,30.73941924485121,0.6551349486591569,7.541303053228362,0.06375124552237743,Southeast Asia,Cambodia
KHM,2020,59.92179794096091,10.41023980932601,31.351227539335014,1908.6342751833563,62.18359840560753,23.998071928197252,-0.8288134026088017,122.10539634656844,7.5541432261072226,57.06507988054164,4.804884576262631,0.0,24.615647197701296,-0.6175752695040444,115.73667907244788,6.368717274120556,9.98500044202808,0.4252393672979302,31.394554193510366,-0.04332665417535253,7.60505429875074,-0.05091107264351713,Southeast Asia,Cambodia
KHM,2021,72.36103464355084,9.4684591111041,30.378811266195196,1938.764367417284,73.81881186616462,26.65391685243399,14.91719451731062,146.17984650971545,7.569806125123398,57.30196477195571,4.984837689042907,0.0,23.998071928197252,2.655844924236739,122.10539634656844,24.074450163147006,10.41023980932601,-0.9417806982219101,31.351227539335014,-0.9724162731398174,7.5541432261072226,0.015662899016175125,Southeast Asia,Cambodia
KHM,2022,72.2070606780988,8.948301257795341,34.59452643187354,2011.2743331326217,73.6665720833071,27.12232986653152,10.708003648345567,145.8736327614059,7.606523796745586,57.859204270456885,4.982740717890343,0.0,26.65391685243399,0.46841301409752845,146.17984650971545,-0.3062137483095455,9.4684591111041,-0.5201578533087581,30.378811266195196,4.215715165678343,7.569806125123398,0.03671767162218842,Southeast Asia,Cambodia
KHM,2023,66.89266605521706,9.350967019897578,33.294479621126946,2085.057484621225,67.31417634071357,26.33293839594531,4.267976059777894,134.20684239593064,7.642551704414579,58.40859655465019,4.8993822097946715,0.0,27.12232986653152,-0.7893914705862102,145.8736327614059,-11.666790365475265,8.948301257795341,0.40266576210223626,34.59452643187354,-1.3000468107465935,7.606523796745586,0.03602790766899311,Southeast Asia,Cambodia
KHM,2024,71.36358416558885,9.480898320157122,32.1861316004857,2183.556824016672,72.0834255374222,27.80577239109189,11.570657259848405,143.44700970301105,7.688710396867582,59.11626756689965,4.965965696640294,0.0,26.33293839594531,1.4728339951465799,134.20684239593064,9.240167307080412,9.350967019897578,0.12993130025954436,33.294479621126946,-1.1083480206412446,7.642551704414579,0.04615869245300264,Southeast Asia,Cambodia
LAO,2000,30.66200360160848,1.957603899737221,13.415657955680008,917.2280386175293,38.17529776622401,8.710887028286749,,68.83730136783251,6.821356120313198,46.53089932013433,4.231745769061757,0.0,,,,,,,,,,,Southeast Asia,Lao PDR
LAO,2001,27.87315887350495,1.351579019830421,13.543607172426093,954.1235054146342,38.026278006343226,9.144431073507496,12.09603147085558,65.89943687984817,6.8607931236713275,47.07048228581577,4.188129896401363,0.0,8.710887028286749,0.4335440452207475,68.83730136783251,-2.937864487984342,1.957603899737221,-0.6060248799068,13.415657955680008,0.12794921674608517,6.821356120313198,0.039437003358129274,Southeast Asia,Lao PDR
LAO,2002,28.752514664277523,0.2531768934205437,29.040423180825886,994.4922419637948,38.5023881880757,10.149260280914426,12.974511714793309,67.25490285235321,6.902232297322216,47.64081068619792,4.208489920692224,0.0,9.144431073507496,1.0048292074069298,65.89943687984817,1.3554659725050442,1.351579019830421,-1.0984021264098773,13.543607172426093,15.496816008399794,6.8607931236713275,0.04143917365088878,Southeast Asia,Lao PDR
LAO,2003,23.50043316277884,0.962969691363706,27.771521625518915,1038.7119276778294,37.07166272000914,9.812109269599038,5.627673776711191,60.57209588278798,6.945736693442917,48.243258214639354,4.103834323048779,0.0,10.149260280914426,-0.33715101131538816,67.25490285235321,-6.682806969565235,0.2531768934205437,0.7097927979431623,29.040423180825886,-1.2689015553069716,6.902232297322216,0.043504396120701117,Southeast Asia,Lao PDR
LAO,2004,24.912122565161518,0.7148950490620708,31.75424350991896,1088.7603472883077,41.16762905712223,10.098993213169985,15.119293523195536,66.07975162228374,6.9927950319454855,48.89918235880146,4.190862370462979,0.0,9.812109269599038,0.28688394357094715,60.57209588278798,5.50765573949576,0.962969691363706,-0.24807464230163523,27.771521625518915,3.9827218844000463,6.945736693442917,0.04705833850256802,Southeast Asia,Lao PDR
LAO,2005,28.963735722006685,1.0133213243785784,34.058086803009466,1148.681538520707,42.8289105517785,9.641610223187216,10.325088080268957,71.79264627378518,7.046370075394026,49.65133123940841,4.27378205122377,0.0,10.098993213169985,-0.4573829899827686,66.07975162228374,5.712894651501443,0.7148950490620708,0.29842627531650756,31.75424350991896,2.3038432930905053,6.9927950319454855,0.05357504344854025,Southeast Asia,Lao PDR
LAO,2006,38.15507752301793,5.421389617286045,30.06954103864137,1228.0892761992318,43.80629789322417,9.455624322685,13.546277596732722,81.96137541624209,7.113214806552509,50.59782488415785,4.4062481047848205,0.0,9.641610223187216,-0.18598590050221553,71.79264627378518,10.168729142456911,1.0133213243785784,4.408068292907466,34.058086803009466,-3.988545764368098,7.046370075394026,0.06684473115848366,Southeast Asia,Lao PDR
LAO,2007,33.61431308286353,7.660627497775571,32.312243033777015,1301.085975498645,45.59831582066335,10.061830200296114,13.702273018308844,79.21262890352688,7.170954560494027,51.42258930867009,4.372135741961259,0.0,9.455624322685,0.6062058776111137,81.96137541624209,-2.748746512715215,5.421389617286045,2.239237880489526,30.06954103864137,2.242701995135647,7.113214806552509,0.05773975394151787,Southeast Asia,Lao PDR
LAO,2008,33.15408047508676,4.182003036069288,31.681985793839985,1381.737542239532,48.69510161904496,10.083101573932916,9.165354778213612,81.8491820941317,7.231097074743315,52.28876490436132,4.404878311026003,0.0,10.061830200296114,0.021271373636801982,79.21262890352688,2.636553190604829,7.660627497775571,-3.478624461706283,32.312243033777015,-0.6302572399370305,7.170954560494027,0.060142514249287515,Southeast Asia,Lao PDR
LAO,2009,30.08306967464324,5.459059495949726,33.93847055254264,1463.3379666845951,46.84775654400876,11.679265465698457,5.778277661783207,76.93082621865199,7.288475383695363,53.121873418733266,4.342906657289058,0.0,10.083101573932916,1.5961638917655403,81.8491820941317,-4.918355875479719,4.182003036069288,1.2770564598804377,31.681985793839985,2.256484758702655,7.231097074743315,0.057378308952047874,Southeast Asia,Lao PDR
LAO,2010,35.38402603795605,3.90935018167503,27.46248774019155,1564.9106831164688,49.3363118537116,11.094410372753778,3.706640242168845,84.72033789166765,7.35558402985454,54.10461642025115,4.43935568961933,0.0,11.679265465698457,-0.5848550929446787,76.93082621865199,7.789511673015667,5.459059495949726,-1.5497093142746956,33.93847055254264,-6.475982812351091,7.288475383695363,0.067108646159177,Southeast Asia,Lao PDR
LAO,2011,40.34315609768163,3.437027558959218,28.06780252498136,1666.4008618987125,51.35553977034,10.671366146092764,10.393078392242488,91.69869586802164,7.418421407168611,55.03297617433752,4.518508157438515,0.0,11.094410372753778,-0.4230442266610144,84.72033789166765,6.9783579763539905,3.90935018167503,-0.47232262271581194,27.46248774019155,0.6053147847898117,7.35558402985454,0.06283737731407157,Southeast Asia,Lao PDR
LAO,2012,37.87672835017588,6.060676026789335,32.504255276611,1774.6358520367198,60.30839808119032,8.983772741942907,9.927143409623554,98.1851264313662,7.481350527080471,55.97060570904724,4.586854741886512,0.0,10.671366146092764,-1.6875934041498564,91.69869586802164,6.486430563344555,3.437027558959218,2.623648467830117,28.06780252498136,4.436452751629638,7.418421407168611,0.06292911991185957,Southeast Asia,Lao PDR
LAO,2013,38.17310339830045,5.686246283370239,30.64732203727566,1890.278612948748,60.00604321765996,8.435402283310736,3.5193015959623466,98.1791466159604,7.544479511447871,56.919171098656705,4.58679383655669,0.0,8.983772741942907,-0.5483704586321707,98.1851264313662,-0.0059798154057943975,6.060676026789335,-0.3744297434190962,32.504255276611,-1.856933239335337,7.481350527080471,0.06312898436739989,Southeast Asia,Lao PDR
LAO,2014,40.75454665114967,6.533850861201586,29.801351400444737,2006.3119544444687,58.30519164219026,8.427695284137657,9.750955330083016,99.05973829333992,7.604053467121511,57.821629130842666,4.595723085256137,0.0,8.435402283310736,-0.007706999173079154,98.1791466159604,0.8805916773795133,5.686246283370239,0.8476045778313468,30.64732203727566,-0.8459706368309234,7.544479511447871,0.0595739556736401,Southeast Asia,Lao PDR
LAO,2015,33.9522573081909,7.470757772927305,31.55665160423703,2121.013390973629,51.84606439549005,8.190052195271722,4.41829751470766,85.79832170368095,7.6596492680636725,58.67022690974835,4.451999445739447,0.0,8.427695284137657,-0.23764308886593533,99.05973829333992,-13.261416589658964,6.533850861201586,0.9369069117257194,29.801351400444737,1.7553002037922916,7.604053467121511,0.055595800942161766,Southeast Asia,Lao PDR
LAO,2016,33.20942745612203,5.8777443615571645,29.00765409617958,2234.7609874184627,41.88246346429041,7.771563827071683,3.1505116706910457,75.09189092041244,7.711889560576734,59.473240594532406,4.318712575848432,0.0,8.190052195271722,-0.4184883682000393,85.79832170368095,-10.706430783268516,7.470757772927305,-1.5930134113701406,31.55665160423703,-2.5489975080574503,7.6596492680636725,0.05224029251306117,Southeast Asia,Lao PDR
LKA,2000,39.01570088642501,1.042074180204391,28.039273684913603,1956.9331002117676,49.62074081848802,15.054514978896917,9.243358903553698,88.63644170491303,7.579133781942965,57.443268884589074,4.484543078972466,0.0,,,,,,,,,,,South Asia,Sri Lanka
LKA,2001,37.3311884768914,1.0907472086787109,22.004012802348733,1896.4825138529072,43.56741305586622,14.119776623243746,-4.161842193765125,80.89860153275762,7.54775614086652,56.968622761988264,4.393196537546155,0.0,15.054514978896917,-0.9347383556531703,88.63644170491303,-7.737840172155401,1.042074180204391,0.04867302847431998,28.039273684913603,-6.03526088256487,7.579133781942965,-0.03137764107644525,South Asia,Sri Lanka
LKA,2002,34.913330197833595,1.1882779089503976,23.28905072113333,1951.2252241819929,41.42180158481811,19.11422132455899,2.067874474612367,76.33513178265171,7.576212774340697,57.39900000208316,4.335133275080007,0.0,14.119776623243746,4.994444701315244,80.89860153275762,-4.563469750105909,1.0907472086787109,0.09753070027168675,22.004012802348733,1.285037918784596,7.54775614086652,0.028456633474177373,South Asia,Sri Lanka
LKA,2003,34.653502832422845,1.2113274087665735,22.02046894650551,2052.0304470140304,40.68274449812013,18.59193138096252,3.915466411209252,75.33624733054299,7.626585043906718,58.16479943194163,4.32196139123496,0.0,19.11422132455899,-0.5222899435964692,76.33513178265171,-0.9988844521087259,1.1882779089503976,0.023049499816175878,23.28905072113333,-1.268581774627819,7.576212774340697,0.05037226956602048,South Asia,Sri Lanka
LKA,2004,35.33090273244115,1.126677351362442,25.253761524668786,2149.106281927649,44.15204216867758,18.72074442772071,5.173390533803698,79.48294490111874,7.672807351877304,58.871972659022404,4.375542469099855,0.0,18.59193138096252,0.1288130467581894,75.33624733054299,4.146697570575753,1.2113274087665735,-0.08465005740413156,22.02046894650551,3.233292578163276,7.626585043906718,0.04622230797058613,South Asia,Sri Lanka
LKA,2005,32.33687298748931,1.1161285430176835,26.82745551785687,2268.688008528204,41.26709997056403,19.512985662810635,6.181402229912123,73.60397295805335,7.726956973575149,59.70586407148162,4.2986990046862745,0.0,18.72074442772071,0.792241235089925,79.48294490111874,-5.878971943065395,1.126677351362442,-0.010548808344758465,25.253761524668786,1.5736939931880833,7.672807351877304,0.054149621697844985,South Asia,Sri Lanka
LKA,2006,30.128527093797214,1.6970072277349015,27.979909347053777,2426.348728268223,41.13265139450365,19.22587692433337,5.548525738681434,71.26117848830087,7.794142825368152,60.748662382237846,4.266351697906516,0.0,19.512985662810635,-0.28710873847726504,73.60397295805335,-2.3427944697524765,1.1161285430176835,0.580878684717218,26.82745551785687,1.152453829196908,7.726956973575149,0.06718585179300351,South Asia,Sri Lanka
LKA,2007,29.114999687036143,1.8639738781084016,27.95214335533022,2573.54361719411,39.491511973103,18.497924378990287,6.447327564052614,68.60651166013913,7.853039067538307,61.670222596282926,4.228387452386479,0.0,19.22587692433337,-0.7279525453430828,71.26117848830087,-2.654666828161737,1.6970072277349015,0.16696665037350011,27.979909347053777,-0.027765991723555317,7.794142825368152,0.05889624217015488,South Asia,Sri Lanka
LKA,2008,24.841487098820544,1.847529623051492,27.55238305550026,2708.585937243766,38.52755650940149,17.954094174098245,4.933123302596769,63.36904360822204,7.904181983316692,62.4760928253882,4.148975471036309,0.0,18.497924378990287,-0.5438302048920427,68.60651166013913,-5.237468051917091,1.8639738781084016,-0.016444255056909718,27.95214335533022,-0.39976029982996053,7.853039067538307,0.051142915778385145,South Asia,Sri Lanka
LKA,2009,21.328366243782952,0.9603904526985232,24.433865745054124,2787.273504637366,27.820775287040515,18.107734112493286,3.3003691257407013,49.14914153082347,7.932819158525342,62.92961980186671,3.8948593801298235,0.0,17.954094174098245,0.15363993839504175,63.36904360822204,-14.219902077398572,1.847529623051492,-0.8871391703529687,27.55238305550026,-3.118517310446137,7.904181983316692,0.028637175208649168,South Asia,Sri Lanka
LKA,2015,19.893383820466997,0.7987463166668589,34.27579880990639,4057.715827165215,27.024586988402856,16.176959877199145,5.019372011616866,46.917970808869846,8.308375490128183,69.02910328496273,3.848400774957258,0.0,17.15642918755235,-0.9794693103532062,,,1.0827781340510376,-0.2840318173841787,,,8.276374504424952,0.032000985703231066,South Asia,Sri Lanka
LKA,2016,19.824036042667988,1.0193718480128495,36.453044458561735,4214.741172173815,26.64750098240812,16.018659247463958,3.424133725221367,46.47153702507611,8.34634346218605,69.66144918877583,3.838840018191736,0.0,16.176959877199145,-0.15830062973518721,46.917970808869846,-0.44643378379373644,0.7987463166668589,0.2206255313459906,34.27579880990639,2.1772456486553438,8.308375490128183,0.03796797205786717,South Asia,Sri Lanka
LKA,2017,20.22420003599354,1.454628051100606,39.7266305229837,4436.007891310289,26.91620976415589,14.891296047658972,4.787617212803497,47.14040980014943,8.397510127393447,70.5181763396755,3.8531305907275053,0.0,16.018659247463958,-1.1273631998049858,46.47153702507611,0.6688727750733179,1.0193718480128495,0.4352562030877565,36.453044458561735,3.2735860644219628,8.34634346218605,0.05116666520739699,South Asia,Sri Lanka
LKA,2018,21.44624861454632,1.7088869625206375,38.05677477494525,4493.035746175341,28.36314813749734,15.032778613996175,3.785923599395929,49.80939675204366,8.410283865008985,70.73287469003047,3.9082036560309996,0.0,14.891296047658972,0.1414825663372028,47.14040980014943,2.668986951894233,1.454628051100606,0.25425891142003154,39.7266305229837,-1.6698557480384508,8.397510127393447,0.012773737615537684,South Asia,Sri Lanka
LKA,2019,21.823530924632337,0.8353674602651959,34.10871606003842,4455.781887881433,27.601992960644413,16.160801717523963,2.028276531538893,49.42552388527675,8.401957832447152,70.59289541822005,3.9004669686014513,0.0,15.032778613996175,1.128023103527788,49.80939675204366,-0.38387286676690735,1.7088869625206375,-0.8735195022554416,38.05677477494525,-3.9480587149068285,8.410283865008985,-0.00832603256183262,South Asia,Sri Lanka
LKA,2020,15.45763991703556,0.5147005539444024,32.87112314753099,4227.233145301671,21.63147893978361,16.285964102903502,-2.5639957427194275,37.08911885681916,8.349302955256215,69.71085983865017,3.6133236343257753,0.0,16.160801717523963,0.1251623853795394,49.42552388527675,-12.336405028457591,0.8353674602651959,-0.32066690632079353,34.10871606003842,-1.2375929125074308,8.401957832447152,-0.0526548771909372,South Asia,Sri Lanka
LKA,2021,16.921421589779566,0.6688257085484156,36.733098374358256,4357.97224978578,24.30742473971822,17.96511861995087,7.400114094371204,41.22884632949778,8.37976214783532,70.22041365429362,3.719138164990864,0.0,16.285964102903502,1.679154517047369,37.08911885681916,4.139727472678615,0.5147005539444024,0.15412515460401321,32.87112314753099,3.861975226827269,8.349302955256215,0.03045919257910512,South Asia,Sri Lanka
LKA,2022,21.559562461290355,1.1924932216263189,27.27174942374543,4033.1456030674426,25.123045556645568,19.651054433076244,-12.66926572552552,46.68260801793592,8.302301897139463,68.92821679124553,3.8433716759934082,0.0,17.96511861995087,1.685935813125372,41.22884632949778,5.453761688438142,0.6688257085484156,0.5236675130779033,36.733098374358256,-9.461348950612827,8.37976214783532,-0.07746025069585727,South Asia,Sri Lanka
LKA,2023,20.599528367211203,0.8480170767967171,24.27319343188288,3977.135649950852,22.748139752302208,17.972393398722595,-3.168034758182813,43.347668119513415,8.28831715323824,68.69620123266323,3.7692529098423058,0.0,19.651054433076244,-1.6786610343536488,46.68260801793592,-3.3349398984225047,1.1924932216263189,-0.34447614482960176,27.27174942374543,-2.998555991862549,8.302301897139463,-0.01398474390122395,South Asia,Sri Lanka
LKA,2024,19.755977413819203,0.7640777541538617,26.34670052415073,4198.745137278984,22.36363241929215,17.49155087319936,7.6519182841622495,42.11960983311135,8.34254098279043,69.59799004953791,3.740513424001393,0.0,17.972393398722595,-0.4808425255232365,43.347668119513415,-1.2280582864020673,0.8480170767967171,-0.08393932264285542,24.27319343188288,2.0735070922678496,8.28831715323824,0.05422382955219085,South Asia,Sri Lanka
MDV,2014,91.29412740361364,9.016591450688958,27.86117981973876,9612.078618067391,74.6851237568163,1.9849732391495265,-1.5077447517586933,165.97925116042992,9.170775775980983,84.1031283333196,5.1118627875348075,0.0,2.1183821571365367,-0.13340891798701016,,,10.950389216038436,-1.9337977653494782,,,9.128406401053926,0.04236937492705728,South Asia,Maldives
MDV,2015,76.42778877245607,7.2157793819081855,31.904923231558293,9644.906550281454,67.2927178888456,1.927943482826134,7.621157363049335,143.72050666130167,9.174185236364064,84.16567475112035,4.967870487575186,0.0,1.9849732391495265,-0.05702975632339258,165.97925116042992,-22.258744499128255,9.016591450688958,-1.8008120687807727,27.86117981973876,4.043743411819534,9.170775775980983,0.0034094603830805426,South Asia,Maldives
MDV,2016,71.61363313011935,10.35476187001895,39.76628534058461,9909.076697234152,72.76657914882223,2.078336838067839,9.591615939404448,144.38021227894157,9.201206454187805,84.66220021258731,4.972450182989347,0.0,1.927943482826134,0.15039335524170494,143.72050666130167,0.6597056176399008,7.2157793819081855,3.1389824881107637,31.904923231558293,7.861362109026317,9.174185236364064,0.027021217823740784,South Asia,Maldives
MDV,2017,69.05944844853782,9.505145292029194,42.819715852479504,10263.29911476718,72.85266212641453,2.1842110360474463,14.54497409598055,141.91211057495238,9.236329618185168,85.30978481576457,4.955207926366055,0.0,2.078336838067839,0.1058741979796074,144.38021227894157,-2.4681017039891913,10.35476187001895,-0.8496165779897549,39.76628534058461,3.053430511894895,9.201206454187805,0.035123163997363704,South Asia,Maldives
MDV,2018,66.44830064802679,10.651764780737302,48.97017777072303,10793.894132536663,76.04282789859114,2.1927356906496267,12.698442346176035,142.49112854661792,9.286735895138703,86.24346358605764,4.959279741957524,0.0,2.1842110360474463,0.008524654602180437,141.91211057495238,0.5790179716655359,9.505145292029194,1.146619488708108,42.819715852479504,6.150461918243529,9.236329618185168,0.0504062769535345,South Asia,Maldives
MDV,2019,65.51341794000919,16.783472844835693,43.16116287596702,11194.925374806371,71.61181293517572,2.131214529816573,3.016626306687044,137.1252308751849,9.323215863071056,86.92235402941976,4.920894602278096,0.0,2.1927356906496267,-0.06152116083305392,142.49112854661792,-5.365897671433004,10.651764780737302,6.13170806409839,48.97017777072303,-5.809014894756011,9.286735895138703,0.036479967932352864,South Asia,Maldives
MDV,2020,48.241199630008616,11.870688071915517,35.5119966004124,7295.602209564536,66.1207032743183,2.6859682263453037,-19.215331983310264,114.36190290432693,8.895027008552418,79.12150548287698,4.739368006912797,0.0,2.131214529816573,0.554753696528731,137.1252308751849,-22.763327970857986,16.783472844835693,-4.912784772920176,43.16116287596702,-7.64916627555462,9.323215863071056,-0.42818885451863764,South Asia,Maldives
MDV,2021,76.09898516245717,12.23866598793196,25.185662286256537,9759.2219360708,66.50831153380369,2.1359448164808583,12.617446026477978,142.60729669626087,9.185967956564479,84.38200729902938,4.960094675649095,0.0,2.6859682263453037,-0.5500234098644454,114.36190290432693,28.24539379193395,11.870688071915517,0.3679779160164429,35.5119966004124,-10.326334314155865,8.895027008552418,0.29094094801206083,South Asia,Maldives
MDV,2022,82.67085556030345,11.84546627752859,32.98979631776965,10939.996327173774,79.57257737335223,1.9950040423238908,5.881181836589462,162.2434329336557,9.300180740251397,86.49336180134303,5.089097879779892,0.0,2.1359448164808583,-0.14094077415696749,142.60729669626087,19.636136237394823,12.23866598793196,-0.3931997104033691,25.185662286256537,7.804134031513115,9.185967956564479,0.11421278368691823,South Asia,Maldives
MDV,2023,74.04376926611155,11.581845875684458,33.05093470551782,11439.536434287054,75.30620691132287,1.9660842523246644,1.828182469950136,149.34997617743443,9.344830742634366,87.32586160848436,5.0062923851538,0.0,1.9950040423238908,-0.028919789999226397,162.2434329336557,-12.89345675622127,11.84546627752859,-0.2636204018441326,32.98979631776965,0.06113838774816571,9.300180740251397,0.044650002382969234,South Asia,Maldives
MDV,2024,78.21421654083504,11.416720004027017,30.794684394857946,11798.791369146036,78.25973920017614,1.5782509973360437,-16.57336861376126,156.47395574101117,9.375752378864263,87.90473266977888,5.05288957914102,0.0,1.9660842523246644,-0.38783325498862076,149.34997617743443,7.123979563576739,11.581845875684458,-0.16512587165744108,33.05093470551782,-2.2562503106598726,9.344830742634366,0.03092163622989652,South Asia,Maldives
MYS,2000,119.80970872696766,4.038428623937635,26.86748914845918,6455.614197925831,100.5970802551059,30.86354976557305,18.312487781515657,220.40678898207355,8.772705449478574,76.96036090331107,5.3954748798083205,0.0,,,,,,,,,,,Southeast Asia,Malaysia
MYS,2001,110.40249135654705,0.5970293182520789,24.39821997339603,6334.927956516982,92.9621446541059,29.336404039945656,-4.270077573918229,203.3646360106529,8.753833720396491,76.62960480435068,5.315000604243908,0.0,30.86354976557305,-1.5271457256273955,220.40678898207355,-17.04215297142065,4.038428623937635,-3.4413993056855556,26.86748914845918,-2.469269175063147,8.772705449478574,-0.018871729082082567,Southeast Asia,Malaysia
MYS,2002,108.3053027950513,3.166124322504712,24.777343148588383,6516.906715601545,91.05092990060358,29.246398217179483,4.120568670804303,199.3562326956549,8.782155112220657,77.12624841510342,5.295093338428438,0.0,29.336404039945656,-0.09000582276617308,203.3646360106529,-4.008403314997992,0.5970293182520789,2.5690950042526333,24.39821997339603,0.37912317519235117,8.753833720396491,0.028321391824166042,Southeast Asia,Malaysia
MYS,2003,106.94344614811506,2.9209420945676468,22.76338506431947,6732.920494580987,87.2516829087158,29.928671893096197,9.163626385606634,194.1951290568309,8.814764280155496,77.70006931470523,5.268863473446015,0.0,29.246398217179483,0.682273675916715,199.3562326956549,-5.161103638824017,3.166124322504712,-0.24518222793706546,24.777343148588383,-2.013958084268914,8.782155112220657,0.03260916793483837,Southeast Asia,Malaysia
MYS,2004,115.37333772107463,3.5078726204941213,23.049564601053056,7025.345580043809,95.00092817604968,30.378147360604835,9.558264463657196,210.37426589712436,8.857279685880814,78.45140343391692,5.348888163008147,0.0,29.928671893096197,0.44947546750863765,194.1951290568309,16.179136840293467,2.9209420945676468,0.5869305259264745,22.76338506431947,0.286179536733588,8.814764280155496,0.04251540572531809,Southeast Asia,Malaysia
MYS,2005,112.89897677978138,2.7343873494007807,22.39641780940362,7234.024426891415,90.95566781584245,27.54968008271122,5.195726237253396,203.8546445956238,8.886550789184724,78.97078492875964,5.317407213384529,0.0,30.378147360604835,-2.8284672778936155,210.37426589712436,-6.519621301500564,3.5078726204941213,-0.7734852710933406,23.049564601053056,-0.6531467916494371,8.857279685880814,0.029271103303910806,Southeast Asia,Malaysia
MYS,2006,112.18548084399043,4.727164848343576,22.70352422316952,7469.810692121099,90.3916659964074,27.56608756266924,7.4295178243113185,202.57714684039783,8.918624935385537,79.54187073808068,5.311120786046516,0.0,27.54968008271122,0.016407479958019167,203.8546445956238,-1.2774977552259656,2.7343873494007807,1.9927774989427953,22.39641780940362,0.30710641376590075,8.886550789184724,0.03207414620081295,Southeast Asia,Malaysia
MYS,2007,106.1682748669853,4.686845782874359,23.409534974599453,7769.596933504883,86.29723149066642,26.12258394204467,9.010695559959627,192.4655063576517,8.957973567306357,80.24529043255939,5.259916949919337,0.0,27.56608756266924,-1.4435036206245684,202.57714684039783,-10.11164048274614,4.727164848343576,-0.04031906546921693,22.70352422316952,0.7060107514299325,8.918624935385537,0.039348631920820054,Southeast Asia,Malaysia
MYS,2008,99.4995772447266,3.2808194912517368,21.45830438119928,7976.117853747733,77.1687475404215,24.5607176579228,-0.7070072552966735,176.66832478514812,8.984207087579115,80.71597699250681,5.1742741034103235,0.0,26.12258394204467,-1.5618662841218693,192.4655063576517,-15.797181572503575,4.686845782874359,-1.4060262916226223,23.409534974599453,-1.9512305934001724,8.957973567306357,0.026233520272757715,Southeast Asia,Malaysia
MYS,2009,91.41679186709256,0.056692316075743,17.835694957053096,7700.46111294033,71.14217858560693,23.800145050129267,-8.315857139183436,162.5589704526995,8.949035490846198,80.08523621642485,5.091040831032829,0.0,24.5607176579228,-0.7605726077935344,176.66832478514812,-14.109354332448618,3.2808194912517368,-3.224127175175994,21.45830438119928,-3.6226094241461837,8.984207087579115,-0.035171596732917365,Southeast Asia,Malaysia
MYS,2010,86.93029506935433,4.268646638540306,23.38654109764144,8118.922705119811,71.01446981741685,23.433775568091896,6.642712065890336,157.9447648867712,9.00195275257077,81.03515335951646,5.062245382582141,0.0,23.800145050129267,-0.36636948203737063,162.5589704526995,-4.614205565928302,0.056692316075743,4.211954322464563,17.835694957053096,5.5508461405883445,8.949035490846198,0.052917261724571674,Southeast Asia,Malaysia
MYS,2011,85.25544210859978,5.074460321433771,23.18825796587378,8400.322486835577,69.68224249862625,23.32020448969161,5.437600358756441,154.937684607226,9.036025375384428,81.64975458459129,5.0430230012895025,0.0,23.433775568091896,-0.11357107840028746,157.9447648867712,-3.0070802795451925,4.268646638540306,0.805813682893465,23.38654109764144,-0.19828313176765988,9.00195275257077,0.034072622813658526,Southeast Asia,Malaysia
MYS,2012,79.29991392553117,2.8290573817452933,25.74862136706025,8710.526713599022,68.54184084048218,23.13817629204367,4.415155677966752,147.84175476601337,9.072287540302792,82.30640121393328,4.996142477181791,0.0,23.32020448969161,-0.18202819764793787,154.937684607226,-7.095929841212637,5.074460321433771,-2.245402939688478,23.18825796587378,2.5603634011864678,9.036025375384428,0.03626216491836409,Southeast Asia,Malaysia
MYS,2013,75.62904103026268,3.49431175959971,25.937106695961376,8964.807248962034,67.09195043461017,22.84074242058326,3.4121205714955067,142.72099146487284,9.101061885413454,82.8293274421255,4.960891615730725,0.0,23.13817629204367,-0.29743387146040945,147.84175476601337,-5.120763301140528,2.8290573817452933,0.6652543778544167,25.74862136706025,0.1884853289011268,9.072287540302792,0.028774345110662125,Southeast Asia,Malaysia
MYS,2014,73.79349862577648,3.1412294036534822,24.977608426281336,9341.730559712778,64.51873255106679,22.873930243130463,6.103070024008602,138.31223117684328,9.142246798825608,83.58067653063708,4.929513674216742,0.0,22.84074242058326,0.03318782254720176,142.72099146487284,-4.408760288029555,3.49431175959971,-0.3530823559462277,25.937106695961376,-0.95949826968004,9.101061885413454,0.041184913412154245,Southeast Asia,Malaysia
MYS,2015,69.44869089707538,3.270944029317345,25.42426327714199,9648.679793752302,61.92138154818437,22.29333240251367,4.806487725491209,131.37007244525975,9.17457637603625,84.17285167972244,4.878018320940956,0.0,22.873930243130463,-0.5805978406167931,138.31223117684328,-6.9421587315835325,3.1412294036534822,0.12971462566386283,24.977608426281336,0.4466548508606536,9.142246798825608,0.03232957721064089,Southeast Asia,Malaysia
MYS,2016,66.77544545425079,4.471309585986512,25.9955119994004,9901.479601798124,60.12356457144907,21.796939796545708,4.390257587703772,126.89901002569984,9.200439479682519,84.64808661930074,4.843391573473993,0.0,22.29333240251367,-0.4963926059679622,131.37007244525975,-4.471062419559914,3.270944029317345,1.2003655566691673,25.42426327714199,0.5712487222584102,9.17457637603625,0.025863103646269536,Southeast Asia,Malaysia
MYS,2017,70.011742508597,2.9358203805856014,25.54734345151875,10293.762920536155,63.14343086335914,21.846195079946057,6.047911689694544,133.15517337195615,9.23929344910779,85.3645434387261,4.891515165218682,0.0,21.796939796545708,0.049255283400349015,126.89901002569984,6.256163346256315,4.471309585986512,-1.535489205400911,25.9955119994004,-0.44816854788165017,9.200439479682519,0.03885396942527031,Southeast Asia,Malaysia
MYS,2018,68.55497141968597,2.314587212197341,23.89741996087631,10610.195024047913,61.847654082440286,21.528138198161603,4.950351022366178,130.40262550212626,9.269570612593473,85.92493934185653,4.870626783508621,0.0,21.846195079946057,-0.3180568817844538,133.15517337195615,-2.752547869829897,2.9358203805856014,-0.6212331683882604,25.54734345151875,-1.6499234906424398,9.23929344910779,0.030277163485683545,Southeast Asia,Malaysia
MYS,2019,65.27776684285756,2.506977057480441,21.04824039448149,10902.983485585608,57.75079518508534,21.408974896252904,3.752859298821804,123.02856202794288,9.296791745038226,86.43033675061089,4.812416540024767,0.0,21.528138198161603,-0.11916330190869928,130.40262550212626,-7.374063474183373,2.314587212197341,0.19238984528309988,23.89741996087631,-2.8491795663948203,9.269570612593473,0.027221132444752882,Southeast Asia,Malaysia
MYS,2020,61.57793590543493,1.2027546425582092,19.65800822815424,10171.4657842762,55.21024653220354,22.232085842388592,-2.7435441489921715,116.78818243763848,9.227341606904542,85.1438331305117,4.7603618875153675,0.0,21.408974896252904,0.8231109461356887,123.02856202794288,-6.2403795903044,2.506977057480441,-1.3042224149222317,21.04824039448149,-1.390232166327248,9.296791745038226,-0.06945013813368384,Southeast Asia,Malaysia
MYS,2021,70.63305554933368,5.41626377085161,22.12570839966724,10388.266712085682,63.402939141392864,23.363165635523977,9.466261034706092,134.03599469072654,9.248432247470916,85.53349903605994,4.898108380974773,0.0,22.232085842388592,1.1310797931353846,116.78818243763848,17.247812253088057,1.2027546425582092,4.213509128293401,19.65800822815424,2.4677001715129983,9.227341606904542,0.02109064056637422,Southeast Asia,Malaysia
MYS,2022,76.80779748258439,3.6848621554629135,23.58629216221752,11191.65117569426,69.61680727132313,23.338319684034225,8.167283174879287,146.42460475390752,9.32292334856996,86.91689976331091,4.986510652664759,0.0,23.363165635523977,-0.024845951489751883,134.03599469072654,12.388610063180977,5.41626377085161,-1.7314016153886964,22.12570839966724,1.4605837625502822,9.248432247470916,0.07449110109904389,Southeast Asia,Malaysia
MYS,2023,68.67895356531682,1.979900627167429,22.801759022492558,11445.392527507936,63.914508076282594,23.020233887778986,0.7050007073638085,132.59346164159942,9.345342528653758,87.33542697786461,4.887287767649156,0.0,23.338319684034225,-0.3180857962552395,146.42460475390752,-13.831143112308098,3.6848621554629135,-1.7049615282954844,23.58629216221752,-0.7845331397249637,9.32292334856996,0.02241918008379784,Southeast Asia,Malaysia
MYS,2024,71.34108498299085,3.6930953933026007,21.95388310694263,11883.791277489954,66.02148617856822,22.50031919356018,4.154995597862282,137.3625711615591,9.382930673106985,88.0393880163319,4.922623934829576,0.0,23.020233887778986,-0.5199146942188051,132.59346164159942,4.76910951995967,1.979900627167429,1.7131947661351716,22.801759022492558,-0.8478759155499276,9.345342528653758,0.03758814445322756,Southeast Asia,Malaysia
NPL,2000,23.28400371026225,-0.0088242529452383,24.314866346234925,547.2210822736322,32.42658529386964,8.840859263007,7.200626105963366,55.71058900413188,6.304852893113016,39.751170003795565,4.020170236659151,0.0,,,,,,,,,,,South Asia,Nepal
NPL,2001,22.560773718946585,0.3470918753633438,22.34304621699225,564.2862292039097,33.239147361424,8.69929482753759,3.600000055363523,55.79992108037059,6.335561621352696,40.139341057957196,4.021772455055989,0.0,8.840859263007,-0.14156443546940878,55.71058900413188,0.08933207623870487,-0.0088242529452383,0.3559161283085821,24.314866346234925,-1.9718201292426762,6.304852893113016,0.03070872823967985,South Asia,Nepal
NPL,2002,17.73712952422825,-0.0983748686510897,20.246211173094377,556.4384545387963,28.493588976216856,8.213423645588245,-5.324273034392078,46.23071850044511,6.321556570778981,39.96207747755891,3.8336444797449265,0.0,8.69929482753759,-0.48587118194934575,55.79992108037059,-9.56920257992548,0.3470918753633438,-0.4454667440144335,22.34304621699225,-2.0968350438978725,6.335561621352696,-0.014005050573715039,South Asia,Nepal
NPL,2003,15.699864494515786,0.2334436207396426,21.40937892981141,570.2896736342799,28.548019121103707,7.887760015114854,0.0439996748386164,44.24788361561949,6.3461444310974215,40.27354914034881,3.7898075424145437,0.0,8.213423645588245,-0.3256636304733904,46.23071850044511,-1.982834884825614,-0.0983748686510897,0.3318184893907323,20.246211173094377,1.1631677567170335,6.321556570778981,0.024587860318440846,South Asia,Nepal
NPL,2004,16.682695263521683,-0.0057375573705338,24.53114956897917,589.4699286861697,29.464591457087018,7.763964162019864,2.1522814049977086,46.1472867206087,6.379223707117632,40.69449510545162,3.8318381666009773,0.0,7.887760015114854,-0.12379585309499053,44.24788361561949,1.8994031049892044,0.2334436207396426,-0.2391811781101764,21.40937892981141,3.12177063916776,6.3461444310974215,0.0330792760202101,South Asia,Nepal
NPL,2005,14.583686792939403,0.030156295078659,26.451158103330098,603.1901085709948,29.479260686921883,7.615216520871648,2.618195445081568,44.062947479861286,6.402232418301659,40.98857993795271,3.78561923609224,0.0,7.763964162019864,-0.1487476411482156,46.1472867206087,-2.0843392407474113,-0.0057375573705338,0.0358938524491928,24.53114956897917,1.9200085343509272,6.379223707117632,0.023008711184027142,South Asia,Nepal
NPL,2006,13.446590957736316,-0.073509433259411,26.851902813705884,617.4776385887216,31.315396799187877,7.314045290818916,1.998112140621643,44.761987756924185,6.425642855034646,41.288886100457795,3.8013592916829584,0.0,7.615216520871648,-0.3011712300527325,44.062947479861286,0.699040277062899,0.030156295078659,-0.10366572833807,26.451158103330098,0.4007447103757862,6.402232418301659,0.023410436732986817,South Asia,Nepal
NPL,2007,12.85566487640607,0.0556064154566331,28.685250753269663,633.2261291365969,31.723610143619297,7.168186945524142,2.552830415825653,44.57927502002536,6.450827592374354,41.61317662653831,3.7972690653765278,0.0,7.314045290818916,-0.1458583452947737,44.761987756924185,-0.1827127368988286,-0.073509433259411,0.1291158487160441,26.851902813705884,1.8333479395637795,6.425642855034646,0.025184737339708718,South Asia,Nepal
NPL,2008,12.775820258000287,0.0079321573519278,30.31564699910992,666.865095417138,33.260386093191016,7.010904079896231,-0.8673634562589427,46.0362063511913,6.502587769712752,42.283647702817866,3.8294281814837063,0.0,7.168186945524142,-0.15728286562791105,44.57927502002536,1.45693133116594,0.0556064154566331,-0.0476742581047053,28.685250753269663,1.6303962458402559,6.450827592374354,0.051760177338397995,South Asia,Nepal
NPL,2009,12.419354185892145,0.2977153889576934,31.67437709456506,692.4000008169188,34.660093577476644,6.62236712160215,-1.044379962046747,47.07944776336879,6.5401638244818905,42.77374285106159,3.851836552573256,0.0,7.010904079896231,-0.38853695829408075,46.0362063511913,1.043241412177494,0.0079321573519278,0.2897832316057656,30.31564699910992,1.3587300954551402,6.502587769712752,0.03757605476913817,South Asia,Nepal
NPL,2010,9.582536171982287,0.5482946658879462,38.27120644816201,721.2652213643022,36.402369602288445,5.94613900034709,2.9617705729203294,45.984905774270736,6.581006921744233,43.30965210404551,3.828313207298973,0.0,6.62236712160215,-0.6762281212550603,47.07944776336879,-1.0945419890980546,0.2977153889576934,0.2505792769302528,31.67437709456506,6.596829353596952,6.5401638244818905,0.04084309726234281,South Asia,Nepal
NPL,2011,7.806135679683567,0.4358149305943233,27.810244481163583,742.6172526625764,28.49062321025311,5.396902524517409,4.050532308453512,36.29675888993668,6.610180774253303,43.694489868308,3.5917284505058995,0.0,5.94613900034709,-0.549236475829681,45.984905774270736,-9.688146884334053,0.5482946658879462,-0.11247973529362287,38.27120644816201,-10.460961966998429,6.581006921744233,0.029173852509069675,South Asia,Nepal
NPL,2012,8.75029128721577,0.4236915112593301,28.602705242486827,775.3105784798393,29.17161477154228,5.785222833535237,10.09808110810377,37.92190605875804,6.653263695501543,44.26591780187886,3.6355289413861716,0.0,5.396902524517409,0.38832030901782844,36.29675888993668,1.625147168821357,0.4358149305943233,-0.012123419334993224,27.810244481163583,0.7924607613232446,6.610180774253303,0.043082921248240424,South Asia,Nepal
NPL,2013,9.294658677614496,0.3347123305973393,29.676609018288424,801.0390608478565,32.57071706005769,5.750414305531075,2.890567389163607,41.86537573767218,6.685909710982822,44.7013886634144,3.7344591305993324,0.0,5.785222833535237,-0.03480852800416212,37.92190605875804,3.9434696789141412,0.4236915112593301,-0.08897918066199079,28.602705242486827,1.0739037758015968,6.653263695501543,0.03264601548127821,South Asia,Nepal
NPL,2014,10.12404211815503,0.1337462365244476,30.986088225414715,846.6655417735989,35.85859949343772,5.6121911597602745,6.0488406745494245,45.98264161159275,6.741305742729731,45.44520311696085,3.8282639690025784,0.0,5.750414305531075,-0.13822314577080075,41.86537573767218,4.117265873920566,0.3347123305973393,-0.2009660940728917,29.676609018288424,1.3094792071262908,6.685909710982822,0.0553960317469091,South Asia,Nepal
NPL,2015,10.21458859301456,0.2130295277129841,31.277434822879684,875.5436354748624,36.45114179650127,5.356055555366098,0.0628525691091113,46.66573038951583,6.77484499111767,45.898524653672176,3.8430100706581247,0.0,5.6121911597602745,-0.25613560439417693,45.98264161159275,0.6830887779230821,0.1337462365244476,0.07928329118853653,30.986088225414715,0.29134659746496894,6.741305742729731,0.03353924838793887,South Asia,Nepal
NPL,2016,8.179578039662344,0.4322129440086144,28.240999200560484,875.188943730855,33.935908082502245,4.888189625593671,-9.508105094564726,42.11548612216458,6.774439798739264,45.89303458674248,3.740415514432862,0.0,5.356055555366098,-0.4678659297724268,46.66573038951583,-4.550244267351246,0.2130295277129841,0.21918341629563026,31.277434822879684,-3.0364356223191997,6.77484499111767,-0.0004051923784054168,South Asia,Nepal
NPL,2017,7.812188655537397,0.6774398841829907,37.325054006922606,951.8572985636408,36.830221966205336,4.855673993865382,16.826982874647584,44.642410621742734,6.858415127089003,47.03785805548327,3.798684317998159,0.0,4.888189625593671,-0.03251563172828842,42.11548612216458,2.5269244995781506,0.4322129440086144,0.24522694017437635,28.240999200560484,9.084054806362122,6.774439798739264,0.08397532834973909,South Asia,Nepal
NPL,2018,7.815641022198889,0.2061572019262142,39.5478003347409,1021.914922040114,40.63174592417887,4.906474539440159,9.20669196594966,48.44738694637776,6.929433520762372,48.0170489186652,3.88047840388704,0.0,4.855673993865382,0.05080054557477709,44.642410621742734,3.804976324635028,0.6774398841829907,-0.4712826822567765,37.325054006922606,2.2227463278182924,6.858415127089003,0.07101839367336904,South Asia,Nepal
NPL,2019,7.779936474451095,0.5428019797476668,41.37874090983632,1077.117964981876,41.469590112450064,4.981441388018955,6.522667246008027,49.24952658690116,6.9820442022463896,48.74894124212242,3.8968997551231905,0.0,4.906474539440159,0.07496684857879554,48.44738694637776,0.8021396405234,0.2061572019262142,0.3366447778214525,39.5478003347409,1.8309405750954184,6.929433520762372,0.05261068148401726,South Asia,Nepal
NPL,2020,6.805298355372291,0.3787390914029587,30.44028150939292,1031.5361878393398,34.113575769472114,4.474854391635792,-9.029006860437036,40.918874124844415,6.938804414629164,48.14700670447718,3.7115914266492966,0.0,4.981441388018955,-0.5065869963831631,49.24952658690116,-8.330652462056747,0.5428019797476668,-0.16406288834470806,41.37874090983632,-10.938459400443396,6.9820442022463896,-0.04323978761722547,South Asia,Nepal
NPL,2021,5.119171484826061,0.5316909067762319,35.16359746483624,1062.788843062899,37.934633306395874,4.766037665402332,8.657357772333569,43.053804791221935,6.968651716147925,48.56210674097142,3.7624506077168687,0.0,4.474854391635792,0.2911832737665403,40.918874124844415,2.134930666377521,0.3787390914029587,0.15295181537327318,30.44028150939292,4.723315955443322,6.938804414629164,0.02984730151876125,South Asia,Nepal
NPL,2022,6.7023908652401,0.1604054050483331,37.64384825315469,1113.5546234122342,42.271010614780046,4.8320719144747,6.701413886255708,48.973401480020144,7.015312541095703,49.21461004925465,3.891277323788381,0.0,4.766037665402332,0.06603424907236821,43.053804791221935,5.919596688798208,0.5316909067762319,-0.37128550172789876,35.16359746483624,2.4802507883184433,6.968651716147925,0.04666082494777779,South Asia,Nepal
NPL,2023,7.005967280861361,0.1822721498951696,31.149300153012515,1136.4276931196962,34.56418301238538,4.540323153080816,-1.699777836408387,41.57015029324674,7.035645018848629,49.500300831249525,3.72738236868372,0.0,4.8320719144747,-0.29174876139388406,48.973401480020144,-7.403251186773403,0.1604054050483331,0.02186674484683651,37.64384825315469,-6.494548100142172,7.015312541095703,0.020332477752925904,South Asia,Nepal
NPL,2024,7.554233471726546,0.1314125571080708,28.601276819728387,1179.954993110337,32.6157766909588,5.010080655015094,-2.0190637193745573,40.170010162685344,7.073231575300389,50.03060491782643,3.693120701363077,0.0,4.540323153080816,0.4697575019342777,41.57015029324674,-1.4001401305613967,0.1822721498951696,-0.05085959278709881,31.149300153012515,-2.548023333284128,7.035645018848629,0.037586556451760345,South Asia,Nepal
PAK,2000,9.629625715605892,0.3095950263170444,16.310677916615727,1049.5422968685218,11.830338172859465,9.09419786344442,1.5341819134563082,21.45996388846536,6.956109440371905,48.387458546431134,3.0661890544642008,0.0,,,,,,,,,,,South Asia,Pakistan
PAK,2001,10.626172373062657,0.38910658649849,15.99690874128469,1057.8676777864584,12.951035056784065,9.505079702956822,10.67307815441356,23.57720742984672,6.964010536341793,48.49744275027951,3.1602804584880277,0.0,9.09419786344442,0.41088183951240254,21.45996388846536,2.1172435413813595,0.3095950263170444,0.07951156018144562,16.310677916615727,-0.31376917533103743,6.956109440371905,0.007901095969888416,South Asia,Pakistan
PAK,2002,11.262966895404942,0.8435173000732367,14.962410429932175,1059.0417102458912,11.866049059124164,9.373964074305944,4.2743646757601255,23.12901595452911,6.965119731271382,48.512892870945926,3.1410879312193893,0.0,9.505079702956822,-0.13111562865087834,23.57720742984672,-0.4481914753176106,0.38910658649849,0.45441071357474666,15.99690874128469,-1.0344983113525146,6.964010536341793,0.0011091949295884973,South Asia,Pakistan
PAK,2003,12.164643910538276,0.4752077118056646,15.314865592702798,1090.2752399374565,12.48551461430156,9.557900857676955,7.4070535029554065,24.650158524839835,6.994185457051058,48.91863020762452,3.2047833314960052,0.0,9.373964074305944,0.18393678337101171,23.12901595452911,1.521142570310726,0.8435173000732367,-0.36830958826757204,14.962410429932175,0.3524551627706227,6.965119731271382,0.029065725779676477,South Asia,Pakistan
PAK,2004,11.422970350186963,0.8455857016161707,15.650770714379908,1146.996328426657,13.38536450171945,10.452951506222622,16.339860652816142,24.80833485190641,7.0449019161012805,49.63064300748749,3.2111796794459453,0.0,9.557900857676955,0.8950506485456664,24.650158524839835,0.15817632706657392,0.4752077118056646,0.3703779898105061,15.314865592702798,0.3359051216771096,6.994185457051058,0.05071645905022226,South Asia,Pakistan
PAK,2005,12.251841752208808,1.5157508311646055,16.266443788186855,1201.2335936721431,17.62665230286593,11.762556384391493,15.728007238458147,29.87849405507474,7.091104302478138,50.28376022862396,3.3971389592312775,0.0,10.452951506222622,1.3096048781688712,24.80833485190641,5.0701592031683305,0.8455857016161707,0.6701651295484348,15.650770714379908,0.6156730738069474,7.0449019161012805,0.046202386376857696,South Asia,Pakistan
PAK,2006,12.548946626547233,2.639750062454433,18.2822141634905,1243.9414260254266,20.500772740681214,12.614233382602007,10.441564531599695,33.04971936722845,7.126040187002019,50.78044874676777,3.4980130751036556,0.0,11.762556384391493,0.8516769982105146,29.87849405507474,3.171225312153709,1.5157508311646055,1.1239992312898275,16.266443788186855,2.015770375303646,7.091104302478138,0.034935884523880745,South Asia,Pakistan
PAK,2007,11.62507655926638,3.0357193381768544,17.53593622263502,1265.3556753984155,19.162804872008184,12.481484558343144,8.063549264807762,30.787881431274567,7.143108527964635,51.0239994422811,3.4271211525302707,0.0,12.614233382602007,-0.13274882425886325,33.04971936722845,-2.2618379359538814,2.639750062454433,0.39596927572242135,18.2822141634905,-0.7462779408554816,7.126040187002019,0.017068340962616446,South Asia,Pakistan
PAK,2008,11.875815280620031,2.6893665612459547,17.996422608907004,1258.051889344521,22.47314553290412,13.25628900603388,6.137054648119161,34.34896081352415,7.137319683901402,50.94133227020641,3.5365717653293376,0.0,12.481484558343144,0.7748044476907356,30.787881431274567,3.5610793822495843,3.0357193381768544,-0.3463527769308996,17.53593622263502,0.46048638627198457,7.143108527964635,-0.005788844063233434,South Asia,Pakistan
PAK,2009,12.390988205430393,1.248013055279509,17.577737430795263,1269.0743211644408,20.935899080968444,12.53946637121029,-3.937172965165189,33.32688728639883,7.146043032716872,51.065931025441344,3.5063644972113512,0.0,13.25628900603388,-0.7168226348235898,34.34896081352415,-1.0220735271253218,2.6893665612459547,-1.4413535059664457,17.996422608907004,-0.41868517811174044,7.137319683901402,0.008723348815469656,South Asia,Pakistan
PAK,2010,12.63722455929476,1.0279110808042324,15.961552427236295,1256.694822013231,19.351777486936783,13.03550036664111,1.7256123601154345,31.989002046231548,7.136240396308028,50.925926993898564,3.4653921576708746,0.0,12.53946637121029,0.4960339954308193,33.32688728639883,-1.3378852401672816,1.248013055279509,-0.22010197447527657,17.577737430795263,-1.616185003558968,7.146043032716872,-0.00980263640884349,South Asia,Pakistan
PAK,2011,13.48255486172171,0.5750551458399442,14.631627519726464,1261.831619078569,18.88008341342209,13.381135931322424,2.612837646793025,32.3626382751438,7.140319610331391,50.984164137683024,3.4770046177651306,0.0,13.03550036664111,0.34563556468131473,31.989002046231548,0.3736362289122539,1.0279110808042324,-0.4528559349642882,15.961552427236295,-1.329924907509831,7.136240396308028,0.004079214023362532,South Asia,Pakistan
PAK,2012,11.873964147323756,0.3434530486609446,15.168986938156172,1275.4880689896625,19.445009128683832,13.739076210405493,2.013236311352358,31.318973276007583,7.1510841835511805,51.13800500023585,3.4442240888486024,0.0,13.381135931322424,0.3579402790830688,32.3626382751438,-1.0436649991362188,0.5750551458399442,-0.2316020971789996,14.631627519726464,0.5373594184297072,7.140319610331391,0.010764573219789852,South Asia,Pakistan
PAK,2013,12.177499204069637,0.5153538493322452,14.982380445924608,1309.7008044638596,18.712775136114747,13.32076285414522,5.368486298476455,30.89027434018438,7.177553996570382,51.51728137368347,3.4304413880883455,0.0,13.739076210405493,-0.41831335626027233,31.318973276007583,-0.42869893582320273,0.3434530486609446,0.17190080067130054,15.168986938156172,-0.18660649223156334,7.1510841835511805,0.026469813019201816,South Asia,Pakistan
PAK,2014,11.194971742614598,0.6953081168342017,14.907554209910725,1343.3077812104252,18.27485394778519,13.414026289261848,5.76362010458702,29.469825690399787,7.202890344660264,51.88162931720006,3.3833668819170373,0.0,13.32076285414522,0.09326343511662749,30.89027434018438,-1.4204486497845927,0.5153538493322452,0.17995426750195653,14.982380445924608,-0.07482623601388383,7.177553996570382,0.02533634808988161,South Asia,Pakistan
PAK,2015,9.974570951240358,0.5577343560321386,15.810930545317731,1380.4702083831723,16.713615065984317,12.301442094815258,4.116307967181967,26.68818601722468,7.230179450828167,52.2754948911779,3.284220996221915,0.0,13.414026289261848,-1.1125841944465904,29.469825690399787,-2.781639673175107,0.6953081168342017,-0.13757376080206307,14.907554209910725,0.9033763354070068,7.202890344660264,0.027289106167903476,South Asia,Pakistan
PAK,2016,8.736716391165679,0.8213499980641741,15.935746846398915,1452.1865826917658,15.96486165689164,11.210916750651773,4.028225708123756,24.701578048057318,7.280825687605685,53.0104226932988,3.2068671301784595,0.0,12.301442094815258,-1.0905253441634848,26.68818601722468,-1.9866079691673626,0.5577343560321386,0.26361564203203547,15.810930545317731,0.12481630108118402,7.230179450828167,0.050646236777518006,South Asia,Pakistan
PAK,2017,8.221611343955594,0.7358370496584252,16.332891084951658,1495.261875280324,17.250423658388385,11.299345911220149,4.867424521189335,25.47203500234398,7.310056637896355,53.43692804925256,3.237581183810839,0.0,11.210916750651773,0.08842916056837602,24.701578048057318,0.7704569542866615,0.8213499980641741,-0.08551294840574886,15.935746846398915,0.39714423855274283,7.280825687605685,0.029230950290669355,South Asia,Pakistan
PAK,2018,8.581799605560732,0.487745750658143,17.068290841420257,1561.681698195586,19.044257474072975,11.60274316206177,7.078970918447041,27.62605707963371,7.353518531270098,54.07423478973274,3.318759424431925,0.0,11.299345911220149,0.3033972508416216,25.47203500234398,2.1540220772897314,0.7358370496584252,-0.2480912990002822,16.332891084951658,0.735399756468599,7.310056637896355,0.04346189337374362,South Asia,Pakistan
PAK,2019,9.3908635386027,0.6961464804114654,15.499644969002407,1573.8330826936988,19.514713448100533,12.587274590229905,4.521463424817213,28.905576986703235,7.3612693767807595,54.18828683753019,3.3640345518194956,0.0,11.60274316206177,0.9845314281681343,27.62605707963371,1.279519907069524,0.487745750658143,0.2084007297533224,17.068290841420257,-1.56864587241785,7.353518531270098,0.007750845510661186,South Asia,Pakistan
PAK,2020,9.298559442347246,0.6846952898743467,14.815539994407706,1526.0059748630656,17.41772129053412,11.416073429237851,-7.796860038964454,26.71628073288137,7.330409127212271,53.73489797231697,3.285273144851352,0.0,12.587274590229905,-1.1712011609920534,28.905576986703235,-2.1892962538218654,0.6961464804114654,-0.011451190537118738,15.499644969002407,-0.6841049745947014,7.3612693767807595,-0.030860249568488207,South Asia,Pakistan
PAK,2021,9.05159988878188,0.6160394390738271,14.534692150302067,1595.027921754216,17.978820523772875,11.934716216936229,10.522723277096688,27.03042041255475,7.374646520867737,54.385411307746615,3.296962913721036,0.0,11.416073429237851,0.5186427876983775,26.71628073288137,0.3141396796733815,0.6846952898743467,-0.06865585080051961,14.815539994407706,-0.28084784410563834,7.330409127212271,0.04423739365546542,South Asia,Pakistan
PAK,2022,10.540590272104112,0.3899807535428526,15.560542594311595,1642.280669748258,22.49076320592792,13.758633864497437,10.855136617301994,33.03135347803203,7.403841207042411,54.81686461909922,3.497457215796943,0.0,11.934716216936229,1.823917647561208,27.03042041255475,6.00093306547728,0.6160394390738271,-0.22605868553097447,14.534692150302067,1.025850444009528,7.374646520867737,0.02919468617467391,South Asia,Pakistan
PAK,2023,10.493958751156445,0.6082812708206242,13.968147039306125,1610.3312283753653,17.97373379582725,13.646793462778554,-5.261278485306363,28.46769254698369,7.384195168728766,54.52633828987725,3.34876984942731,0.0,13.758633864497437,-0.11184040171888299,33.03135347803203,-4.563660931048339,0.3899807535428526,0.2183005172777716,15.560542594311595,-1.5923955550054707,7.403841207042411,-0.01964603831364453,South Asia,Pakistan
PAK,2024,10.385503133101166,0.7168852394030992,13.199253278061471,1635.0873116709129,17.179827777478305,13.147552063922443,3.031188760233164,27.565330910579476,7.399451483539123,54.751882257249335,3.316558856706738,0.0,13.646793462778554,-0.4992413988561104,28.46769254698369,-0.9023616364042155,0.6082812708206242,0.10860396858247501,13.968147039306125,-0.7688937612446534,7.384195168728766,0.015256314810357274,South Asia,Pakistan
PHL,2000,43.344219224021856,1.7772245261351234,15.684364157955038,1793.347611464365,41.80914923598203,25.279565250013064,,85.15336846000389,7.491839326239129,56.12765649018316,4.444453965457247,0.0,,,,,,,,,,,Southeast Asia,Philippines
PHL,2001,41.15550150745465,0.96298544393499,18.945175876676625,1807.70892524758,43.74488711629842,25.311545893841654,2.692795896113537,84.90038862375307,7.499815535318612,56.24723306380639,4.44147867073619,0.0,25.279565250013064,0.03198064382858945,85.15336846000389,-0.252979836250816,1.7772245261351234,-0.8142390822001334,15.684364157955038,3.2608117187215875,7.491839326239129,0.007976209079482821,Southeast Asia,Philippines
PHL,2002,40.00567994402893,2.098275045165883,20.459137136974864,1837.2542928685396,43.83912414975001,25.13540867804596,3.762304239994691,83.84480409377893,7.5160275039791395,56.4906694405709,4.4289675196679745,0.0,25.311545893841654,-0.17613721579569486,84.90038862375307,-1.0555845299741407,0.96298544393499,1.1352896012308933,18.945175876676625,1.5139612602982382,7.499815535318612,0.016211968660527987,Southeast Asia,Philippines
PHL,2003,42.3050183712712,0.5652632434321023,19.52873560840631,1892.821619950508,45.26962599239239,24.83687264528808,4.072618593286009,87.5746443636636,7.545823915364356,56.93945856168467,4.472491508140832,0.0,25.13540867804596,-0.2985360327578803,83.84480409377893,3.7298402698846616,2.098275045165883,-1.5330118017337808,20.459137136974864,-0.9304015285685523,7.5160275039791395,0.029796411385216715,Southeast Asia,Philippines
PHL,2004,41.82684099079994,0.6231447779634542,20.73100744612703,1978.3448913311336,45.29844383240489,24.01199788258278,4.120535081915207,87.12528482320484,7.590015860648972,57.608340764902955,4.467347138208255,0.0,24.83687264528808,-0.8248747627052992,87.5746443636636,-0.44935954045875803,0.5652632434321023,0.05788153453135192,19.52873560840631,1.202271837720719,7.545823915364356,0.044191945284615564,Southeast Asia,Philippines
PHL,2005,41.23003921589544,1.5490600924923132,18.56653007204341,2037.8776605945984,42.61563535490968,24.26990116575579,6.441943683121693,83.84567457080512,7.619664182831976,58.059282259132495,4.428977901617303,0.0,24.01199788258278,0.25790328317301103,87.12528482320484,-3.2796102523997206,0.6231447779634542,0.925915314528859,20.73100744612703,-2.1644773740836207,7.590015860648972,0.029648322183004616,Southeast Asia,Philippines
PHL,2006,41.24545937050842,2.120918864792172,16.015337770384445,2110.420447812837,39.60507930236908,23.829185395324444,2.8379036694863373,80.85053867287749,7.654642470985879,58.5935513586208,4.392602248621545,0.0,24.26990116575579,-0.44071577043134624,83.84567457080512,-2.995135897927625,1.5490600924923132,0.5718587722998589,18.56653007204341,-2.551192301658965,7.619664182831976,0.03497828815390225,Southeast Asia,Philippines
PHL,2007,38.01418633780757,1.871212458877057,16.128647113238603,2209.346510833289,35.630793654255314,23.15091159963745,2.8855197064349625,73.6449799920629,7.700452054329456,59.296961841026736,4.299255980260607,0.0,23.829185395324444,-0.6782737956869944,80.85053867287749,-7.20555868081459,2.120918864792172,-0.24970640591511528,16.015337770384445,0.1133093428541585,7.654642470985879,0.04580958334357721,Southeast Asia,Philippines
PHL,2008,33.3568332437392,0.7378005892152417,18.967146915478946,2264.946290728805,34.32423752930091,23.268667677755197,5.182069313396312,67.6810707730401,7.725306324933469,59.68035781405707,4.214806536287474,0.0,23.15091159963745,0.11775607811774691,73.6449799920629,-5.963909219022796,1.871212458877057,-1.1334118696618152,16.128647113238603,2.8384998022403423,7.700452054329456,0.02485427060401335,Southeast Asia,Philippines
PHL,2009,30.21952559958916,1.1732482124642734,17.431721199199135,2256.7255483546305,30.667065187386683,21.738614391419723,-4.304600994782362,60.88659078697584,7.721670169226305,59.62419020231939,4.109012966349861,0.0,23.268667677755197,-1.5300532863354732,67.6810707730401,-6.7944799860642675,0.7378005892152417,0.43544762324903163,18.967146915478946,-1.5354257162798106,7.725306324933469,-0.00363615570716469,Southeast Asia,Philippines
PHL,2010,32.874829719567806,0.5136980495176585,20.44177113906593,2373.143120646636,33.22944879421188,21.91920171638268,7.571435373742517,66.10427851377968,7.771970566731109,60.403526490134674,4.191233472656673,0.0,21.738614391419723,0.18058732496295704,60.88659078697584,5.217687726803838,1.1732482124642734,-0.6595501629466148,17.431721199199135,3.0100499398667964,7.721670169226305,0.050300397504804195,Southeast Asia,Philippines
PHL,2011,29.105428878140515,0.8569630029859625,20.73993656783492,2416.752120645418,31.690407821767007,21.704326952573965,3.734771189048885,60.795836699907525,7.790179818822521,60.68690160958969,4.107521311297111,0.0,21.91920171638268,-0.21487476380871584,66.10427851377968,-5.30844181387215,0.5136980495176585,0.343264953468304,20.44177113906593,0.2981654287689892,7.771970566731109,0.01820925209141233,Southeast Asia,Philippines
PHL,2012,27.46707385772334,1.2276300070311883,19.560727968789667,2533.741419649587,30.374931655584835,21.328571209278277,5.677699745444059,57.84200551330817,7.837452311337027,61.425658732482106,4.057715250715999,0.0,21.704326952573965,-0.37575574329568795,60.795836699907525,-2.953831186599352,0.8569630029859625,0.3706670040452258,20.73993656783492,-1.1792085990452534,7.790179818822521,0.04727249251450605,Southeast Asia,Philippines
PHL,2013,26.177419809000718,1.3164263837819732,20.642224107668977,2654.415069339782,29.64736142302914,20.434498765771973,4.578187411946118,55.82478123202985,7.883979596537222,62.157134278615224,4.022217878901344,0.0,21.328571209278277,-0.8940724435063032,57.84200551330817,-2.017224281278324,1.2276300070311883,0.08879637675078489,19.560727968789667,1.0814961388793094,7.837452311337027,0.04652728520019522,Southeast Asia,Philippines
PHL,2014,27.35450419092846,1.9293752280221632,20.923970437370475,2776.9200590947853,30.11366789666601,20.57508399073959,7.645432906453792,57.46817208759447,7.929097700106275,62.87059033783061,4.05123126563822,0.0,20.434498765771973,0.14058522496761583,55.82478123202985,1.6433908555646184,1.3164263837819732,0.61294884424019,20.642224107668977,0.28174632970149815,7.883979596537222,0.04511810356905244,Southeast Asia,Philippines
PHL,2015,27.208057239045143,1.8401801071794244,21.34094787110641,2909.8581801030064,31.93353486626428,19.92802237426268,5.174973701835256,59.14159210530941,7.97585962361814,63.6143367356621,4.0799344350174875,0.0,20.57508399073959,-0.6470616164769076,57.46817208759447,1.673420017714939,1.9293752280221632,-0.08919512084273884,20.923970437370475,0.41697743373593354,7.929097700106275,0.046761923511865255,Southeast Asia,Philippines
PHL,2016,26.673003343515724,2.598508034942113,24.618503101685043,3076.3374186758983,35.10306242187135,19.59030319938676,6.841876553159068,61.77606576538708,8.031495018587451,64.50491223359504,4.1235160040995815,0.0,19.92802237426268,-0.3377191748759216,59.14159210530941,2.634473660077674,1.8401801071794244,0.7583279277626886,21.34094787110641,3.277555230578635,7.97585962361814,0.055635394969311136,Southeast Asia,Philippines
PHL,2017,29.552290854669184,3.1223877840489638,25.55877386396017,3247.450387836204,38.61607888800352,19.500202055813293,8.03343944252228,68.1683697426727,8.085625471395328,65.37733926367693,4.22198067050274,0.0,19.59030319938676,-0.09010114357346666,61.77606576538708,6.392303977285614,2.598508034942113,0.5238797491068508,24.618503101685043,0.9402707622751265,8.031495018587451,0.054130452807877205,Southeast Asia,Philippines
PHL,2018,30.213605373327468,2.868338260704975,27.150582041562103,3410.936479761091,41.94979292569984,19.098247166814723,5.144912488816857,72.1633982990273,8.134742160070255,66.17403001082448,4.278932968589875,0.0,19.500202055813293,-0.4019548889985707,68.1683697426727,3.9950285563546117,3.1223877840489638,-0.2540495233439888,25.55877386396017,1.5918081776019335,8.085625471395328,0.04911668867492658,Southeast Asia,Philippines
PHL,2019,28.382920012639325,2.3011749859829447,26.40180846472841,3575.881709229217,40.45892224692852,18.516454400296016,3.7876207775124016,68.84184225956784,8.181967056671676,66.94458491646056,4.231811732454865,0.0,19.098247166814723,-0.5817927665187064,72.1633982990273,-3.321556039459466,2.868338260704975,-0.5671632747220303,27.150582041562103,-0.7487735768336918,8.134742160070255,0.047224896601420596,Southeast Asia,Philippines
PHL,2020,25.20283931020316,1.885863632111708,17.4333790282876,3198.6669000841307,32.96672099202499,17.658179047866053,-9.78203687612806,58.16956030222815,8.070489408264836,65.1327992889149,4.063362199053259,0.0,18.516454400296016,-0.8582753524299633,68.84184225956784,-10.672281957339692,2.3011749859829447,-0.41531135387123674,26.40180846472841,-8.968429436440811,8.181967056671676,-0.11147764840684005,Southeast Asia,Philippines
PHL,2021,25.752034916018665,3.040788553100448,21.140737148313477,3350.975875877763,37.73257489765249,17.640084696104452,8.882360360114205,63.48460981367116,8.117006888629858,65.88580083006457,4.150797511384432,0.0,17.658179047866053,-0.01809435176160079,58.16956030222815,5.315049511443014,1.885863632111708,1.1549249209887402,17.4333790282876,3.7073581200258765,8.070489408264836,0.046517480365022124,Southeast Asia,Philippines
PHL,2022,28.387401545793896,2.347509723336898,24.685861676310232,3577.70136573244,44.04228206496602,17.229379413152376,4.856851679972053,72.42968361075991,8.182475796564232,66.95291016135945,4.2826162099905964,0.0,17.640084696104452,-0.4107052829520761,63.48460981367116,8.945073797088746,3.040788553100448,-0.6932788297635502,21.140737148313477,3.545124527996755,8.117006888629858,0.06546890793437399,Southeast Asia,Philippines
PHL,2023,26.636849347058483,2.042103548203361,23.406151616159693,3744.6976380268593,40.78311997010216,16.230326294738788,1.3866760802896891,67.41996931716065,8.228096155182355,67.70156633892665,4.21094125470585,0.0,17.229379413152376,-0.9990531184135882,72.42968361075991,-5.009714293599259,2.347509723336898,-0.30540617513353707,24.685861676310232,-1.2797100601505385,8.182475796564232,0.04562035861812319,Southeast Asia,Philippines
PHL,2024,25.736980658351637,2.0357188225157223,23.678200467436326,3926.149008944946,40.12680772992356,15.672233280806113,3.694047203037457,65.8637883882752,8.275414328508655,68.48248230848634,4.187588797132273,0.0,16.230326294738788,-0.558093013932675,67.41996931716065,-1.5561809288854533,2.042103548203361,-0.006384725687638593,23.406151616159693,0.27204885127663303,8.228096155182355,0.04731817332629973,Southeast Asia,Philippines
SGP,2000,188.35089028475105,16.148890451526903,35.174035997787875,34890.081136516805,176.01363018346652,25.8614860377559,15.146298038161788,364.3645204682176,10.459957859673008,109.41071842613513,5.898154796398115,0.0,,,,,,,,,,,Southeast Asia,Singapore
SGP,2001,182.8941807097714,18.93986068573533,27.609431795014597,33597.869080822624,166.39792498520688,23.39469784741456,-11.605048125430017,349.2921056949783,10.422217923726537,108.62262644964669,5.855908551199474,0.0,25.8614860377559,-2.4667881903413402,364.3645204682176,-15.072414773239302,16.148890451526903,2.7909702342084266,35.174035997787875,-7.564604202773278,10.459957859673008,-0.03773993594647074,Southeast Asia,Singapore
SGP,2002,184.08611806653184,6.653665882470554,25.07361279338749,34598.82674837807,165.6598959191445,24.73764032297293,8.46867462258001,349.7460139856764,10.451575051464479,109.23542105639473,5.8572072167277565,0.0,23.39469784741456,1.3429424755583703,349.2921056949783,0.45390829069810934,18.93986068573533,-12.286194803264776,27.609431795014597,-2.5358190016271074,10.422217923726537,0.02935712773794208,Southeast Asia,Singapore
SGP,2003,202.58620638980372,17.462415369689648,17.224524873631758,36709.79650382547,174.63235791177766,24.765412693196893,2.9963638945377227,377.2185643015814,10.510798933131072,110.47689421270928,5.932824765618172,0.0,24.73764032297293,0.02777237022396406,349.7460139856764,27.472550315904982,6.653665882470554,10.808749487219094,25.07361279338749,-7.849087919755732,10.451575051464479,0.059223881666593314,Southeast Asia,Singapore
SGP,2004,213.95169544264604,21.202723750554185,22.892461670601183,39856.6356222613,187.57201709586332,27.119367597064286,13.8458129716023,401.5237125385094,10.593044185344016,112.21258511265067,5.995266591514605,0.0,24.765412693196893,2.3539549038673933,377.2185643015814,24.305148236928005,17.462415369689648,3.740308380864537,17.224524873631758,5.667936796969425,10.510798933131072,0.08224525221294421,Southeast Asia,Singapore
SGP,2005,225.1596677369161,15.113358847877512,21.50693625042896,41798.48808346707,195.27084518364256,27.07676179820706,9.509640252921486,420.4305129205586,10.640615447606704,113.22269710384641,6.041279217055336,0.0,27.119367597064286,-0.042605798857227484,401.5237125385094,18.906800382049198,21.202723750554185,-6.089364902676673,22.892461670601183,-1.3855254201722218,10.593044185344016,0.0475712622626876,Southeast Asia,Singapore
SGP,2006,228.0376170610623,26.327152304673483,22.379263444766824,44159.41018205518,197.32578248195705,26.57800598580277,11.921913382779238,425.36339954301934,10.69556132447716,114.3950320456516,6.052943861319072,0.0,27.07676179820706,-0.49875581240429057,420.4305129205586,4.932886622460728,15.113358847877512,11.21379345679597,21.50693625042896,0.8723271943378634,10.640615447606704,0.05494587687045538,Southeast Asia,Singapore
SGP,2007,212.77939373137133,26.16198887680564,23.06595290900984,46178.81394701991,181.50907818770685,23.822651904527213,5.940866570451632,394.2884719190782,10.740276399317946,115.35353713374606,5.977082803629086,0.0,26.57800598580277,-2.7553540812755557,425.36339954301934,-31.074927623941164,26.327152304673483,-0.16516342786784222,22.379263444766824,0.6866894642430168,10.69556132447716,0.04471507484078607,Southeast Asia,Singapore
SGP,2008,228.99377093511904,7.023286082282858,30.15967636897792,44601.57993026987,208.33294395593808,20.585664973848445,-4.188469468305854,437.3267148910571,10.705524561826238,114.60825614386485,6.080680547088156,0.0,23.822651904527213,-3.2369869306787677,394.2884719190782,43.038242971978946,26.16198887680564,-19.138702794522782,23.06595290900984,7.0937234599680785,10.740276399317946,-0.03475183749170796,Southeast Asia,Singapore
SGP,2009,190.8449350111281,12.071094414327526,27.37011521116736,43331.87466389616,167.34787681771422,20.27337642907351,-4.150298622650823,358.19281182884225,10.67664377860065,113.99072237513195,5.881071421945754,0.0,20.585664973848445,-0.3122885447749333,437.3267148910571,-79.13390306221487,7.023286082282858,5.047808332044668,30.15967636897792,-2.78956115781056,10.705524561826238,-0.028880783225588402,Southeast Asia,Singapore
SGP,2010,197.99896079302687,23.069471677080195,27.658227519044736,48752.05154418587,171.68659499461893,20.77383302531255,29.675335626760187,369.6855557876458,10.79450255849819,116.52128548542396,5.912652795089111,0.0,20.27337642907351,0.5004565962390366,358.19281182884225,11.492743958803544,12.071094414327526,10.998377262752669,27.37011521116736,0.28811230787737685,10.67664377860065,0.11785877989754034,Southeast Asia,Singapore
SGP,2011,203.327708649538,17.596031406585418,26.691994345527863,50713.53263935941,175.77092272800107,19.582551507977826,7.807767071755208,379.0986313775391,10.833948069927242,117.37443078188022,5.937796412327271,0.0,20.77383302531255,-1.1912815173347227,369.6855557876458,9.41307558989331,23.069471677080195,-5.473440270494777,27.658227519044736,-0.9662331735168728,10.79450255849819,0.039445511429052615,Southeast Asia,Singapore
SGP,2012,196.7196128757588,18.74352442318018,29.262942670305787,51679.35271733304,172.4933529119059,19.11682198006619,0.3191071227044659,369.2129657876647,10.85281361355864,117.78356333064374,5.911373620613529,0.0,19.582551507977826,-0.465729527911634,379.0986313775391,-9.885665589874407,17.596031406585418,1.1474930165947619,26.691994345527863,2.5709483247779232,10.833948069927242,0.018865543631397586,Southeast Asia,Singapore
SGP,2013,195.077796338143,20.934481044653214,29.979502185541467,53298.97285582862,171.9639837108761,17.638409614875453,1.6712764155420388,367.0417800490191,10.88367233897066,118.45432358207508,5.9054756836704705,0.0,19.11682198006619,-1.4784123651907386,369.2129657876647,-2.1711857386455904,18.74352442318018,2.1909566214730347,29.262942670305787,0.7165595152356801,10.85281361355864,0.030858725412020505,Southeast Asia,Singapore
SGP,2014,191.9535357875051,21.81848807826785,29.430008279276564,54681.93364582533,168.51378337873192,17.99976889212852,2.683120391308009,360.467319166237,10.909288653157498,119.01257891791093,5.887401298430469,0.0,17.638409614875453,0.3613592772530687,367.0417800490191,-6.574460882782091,20.934481044653214,0.8840070336146368,29.979502185541467,-0.5494939062649031,10.88367233897066,0.02561631418683774,Southeast Asia,Singapore
SGP,2015,178.38460849968155,22.65418268904913,25.35319301886601,55645.60686146057,151.08679044058,18.089329854873405,-5.127801799146127,329.4713989402615,10.92675841129577,119.39404937882287,5.797489548779842,0.0,17.99976889212852,0.08956096274488345,360.467319166237,-30.99592022597551,21.81848807826785,0.8356946107812782,29.430008279276564,-4.076815260410555,10.909288653157498,0.01746975813827234,Southeast Asia,Singapore
SGP,2016,163.79631794298732,20.305940628547805,26.342882984206472,57076.52419367868,137.54254828457414,17.369877394144922,3.701000806807457,301.3388662275614,10.952148176143107,119.94954967219478,5.70823543293015,0.0,18.089329854873405,-0.7194524607284833,329.4713989402615,-28.132532712700083,22.65418268904913,-2.348242060501324,25.35319301886601,0.9896899653404638,10.92675841129577,0.025389764847336238,Southeast Asia,Singapore
SGP,2017,170.97351556130366,29.574100856015427,27.180311011849128,59493.37585957025,144.42791789408156,18.47826315243412,10.406115334791169,315.40143345538524,10.99362025524481,120.85968631652896,5.75384621939935,0.0,17.369877394144922,1.1083857582891987,301.3388662275614,14.06256722782382,20.305940628547805,9.268160227467622,26.342882984206472,0.8374280276426553,10.952148176143107,0.041472079101703585,Southeast Asia,Singapore
SGP,2018,177.71303947351905,22.786210612162456,24.66500624521409,61101.52525789016,148.01277052133415,20.61438470518824,7.028700441282126,325.7258099948532,11.020292108152367,121.44683814900533,5.786055953830406,0.0,18.47826315243412,2.136121552754119,315.40143345538524,10.324376539467949,29.574100856015427,-6.787890243852971,27.180311011849128,-2.5153047666350368,10.99362025524481,0.02667185290755647,Southeast Asia,Singapore
SGP,2019,176.81904227217436,28.17581420416421,24.341482118252216,61106.31197753514,147.45104630445047,19.306739530876342,-1.4550979032228923,324.2700885766248,11.020370445511995,121.44856475631425,5.781576775253198,0.0,20.61438470518824,-1.3076451743118973,325.7258099948532,-1.4557214182283928,22.786210612162456,5.389603592001755,24.66500624521409,-0.3235241269618747,11.020292108152367,7.833735962847754e-05,Southeast Asia,Singapore
SGP,2020,181.1799786216318,22.58439429486361,22.930549192945964,59083.85748415722,149.90057820644572,19.65817309874908,7.53070630169745,331.0805568280775,10.986713027068982,120.70786313916727,5.802361719869343,0.0,19.306739530876342,0.35143356787273916,324.2700885766248,6.810468251452676,28.17581420416421,-5.591419909300601,24.341482118252216,-1.410932925306252,11.020370445511995,-0.0336574184430134,Southeast Asia,Singapore
SGP,2021,181.15929972579625,32.2624851402185,24.117781058848344,67846.8565377728,145.37395486184352,20.61155030584265,13.303540009852924,326.5332545876397,11.125008334606463,123.76581044506327,5.7885317952531965,0.0,19.65817309874908,0.9533772070935669,331.0805568280775,-4.547302240437773,22.58439429486361,9.678090845354891,22.930549192945964,1.1872318659023797,10.986713027068982,0.1382953075374811,Southeast Asia,Singapore
SGP,2022,185.01065610882063,28.03055193837857,21.879198796021907,68271.08975253018,145.2362609540708,19.698088670673343,2.699762456397849,330.2469170628915,11.131241672677344,123.90454117554872,5.799840608197292,0.0,20.61155030584265,-0.9134616351693055,326.5332545876397,3.7136624752517946,32.2624851402185,-4.231933201839933,24.117781058848344,-2.238582262826437,11.125008334606463,0.0062333380708814445,Southeast Asia,Singapore
SGP,2023,180.430012907963,24.607056245637025,21.13056856226271,65976.70680369032,143.27120708393673,16.73192520957229,-4.2302587923025925,323.70121999189973,11.097057031498283,123.14467476032547,5.779820929821914,0.0,19.698088670673343,-2.966163461101054,330.2469170628915,-6.545697070991764,28.03055193837857,-3.423495692741543,21.879198796021907,-0.7486302337591972,11.131241672677344,-0.034184641179061614,Southeast Asia,Singapore
SGP,2024,174.6558545259782,23.57872559665838,21.849085072126297,68129.69604022881,138.6435226764294,16.258093592728912,3.778364801662917,313.2993772024076,11.129168462290401,123.8583906620393,5.747159210092804,0.0,16.73192520957229,-0.47383161684337693,323.70121999189973,-10.40184278949215,24.607056245637025,-1.0283306489786455,21.13056856226271,0.7185165098635871,11.097057031498283,0.03211143079211887,Southeast Asia,Singapore
THA,2000,64.840250738685,2.663128687271326,22.28260569408776,3514.7166297060767,56.45770461278704,28.375445282081017,3.27656043028766,121.29795535147204,8.164714183557189,66.66255769917994,4.798249959678277,0.0,,,,,,,,,,,Southeast Asia,Thailand
THA,2001,63.25068975665299,4.212235095308418,23.112437210021103,3599.025248773576,57.01727651687997,27.82676747862161,1.9638958382248437,120.26796627353298,8.188418323551387,67.0501946414721,4.789722305505762,0.0,28.375445282081017,-0.5486778034594089,121.29795535147204,-1.0299890779390637,2.663128687271326,1.5491064080370918,22.28260569408776,0.8298315159333427,8.164714183557189,0.02370413999419796,Southeast Asia,Thailand
THA,2002,60.64575260097013,2.4881530188983434,22.744193769457663,3783.7542207326646,54.32399042009658,28.515031775287557,8.862316577381591,114.9697430210667,8.238471975824613,67.8724204964475,4.7446689895806395,0.0,27.82676747862161,0.6882642966659489,120.26796627353298,-5.298223252466272,4.212235095308418,-1.7240820764100744,23.112437210021103,-0.3682434405634396,8.188418323551387,0.05005365227322578,Southeast Asia,Thailand
THA,2003,61.52255163318904,3.4359398481189194,23.82929867381697,4018.1553818706816,55.17026807167552,29.58050294563993,10.201270729280452,116.69281970486456,8.298578216073322,68.86640040828668,4.759545009592095,0.0,28.515031775287557,1.0654711703523745,114.9697430210667,1.7230766837978564,2.4881530188983434,0.947786829220576,22.744193769457663,1.0851049043593086,8.238471975824613,0.06010624024870914,Southeast Asia,Thailand
THA,2004,65.97185733911854,3.3894749526912253,25.68141470248115,4232.771572619342,61.44001638127416,29.418968054502248,7.47241631127595,127.4118737203927,8.350612275591974,69.73272537726737,4.847424939112237,0.0,29.58050294563993,-0.16153489113768416,116.69281970486456,10.719054015528144,3.4359398481189194,-0.04646489542769405,23.82929867381697,1.8521160286641773,8.298578216073322,0.05203405951865214,Southeast Asia,Thailand
THA,2005,68.40271690088701,4.3395870807052805,30.42075086306741,4372.257302062605,69.45114993136042,29.615068059761946,4.201220936050973,137.85386683224743,8.38303469982056,70.27527077839557,4.926194188090148,0.0,29.418968054502248,0.19610000525969795,127.4118737203927,10.441993111854728,3.3894749526912253,0.9501121280140552,25.68141470248115,4.739336160586262,8.350612275591974,0.0324224242285851,Southeast Asia,Thailand
THA,2006,68.67534203330126,4.0212567065949045,27.01164339305415,4551.525001831396,65.41160415796693,30.168079971011743,5.661196060217705,134.0869461912682,8.423217621027344,70.95059509118556,4.898488441710996,0.0,29.615068059761946,0.5530119112497971,137.85386683224743,-3.7669206409792366,4.3395870807052805,-0.318330374110376,30.42075086306741,-3.409107470013261,8.38303469982056,0.04018292120678524,Southeast Asia,Thailand
THA,2007,68.87227517024832,3.2835693935134325,25.496014290403107,4760.667084648314,61.00095181946919,30.5874496669954,7.27135345071504,129.8732269897175,8.468143081239916,71.70944724435145,4.866558797658969,0.0,30.168079971011743,0.4193696959836579,134.0869461912682,-4.213719201550703,4.0212567065949045,-0.7376873130814721,27.01164339305415,-1.5156291026510438,8.423217621027344,0.04492546021257127,Southeast Asia,Thailand
THA,2008,71.4164181071068,2.938249053933281,28.22643495177517,4805.763939908356,69.02059343382444,30.55473054351176,2.3701365574791997,140.43701154093122,8.477571297301573,71.86921510083147,4.944759071815289,0.0,30.5874496669954,-0.032719123483641255,129.8732269897175,10.563784551213729,3.2835693935134325,-0.3453203395801516,25.496014290403107,2.7304206613720616,8.468143081239916,0.009428216061657224,Southeast Asia,Thailand
THA,2009,64.43861249176517,2.27590224065624,20.636398376711817,4737.456797633144,54.83080636282419,29.46214006549765,-3.318255947120491,119.26941885458936,8.463255730115991,71.62669755334116,4.781384958059124,0.0,30.55473054351176,-1.0925904780141096,140.43701154093122,-21.167592686341862,2.938249053933281,-0.6623468132770407,28.22643495177517,-7.590036575063351,8.477571297301573,-0.014315567185581912,Southeast Asia,Thailand
THA,2010,66.48617315922391,4.32320928209171,25.356654634074584,5059.357478316572,60.76434947902716,30.930478819445888,11.406114925188987,127.25052263825106,8.528994773648948,72.74375184893108,4.846157762599023,0.0,29.46214006549765,1.4683387539482382,119.26941885458936,7.981103783661695,2.27590224065624,2.04730704143547,20.636398376711817,4.720256257362767,8.463255730115991,0.06573904353295745,Southeast Asia,Thailand
THA,2011,70.85490938016112,0.667087644548593,26.79145824684489,5070.237401919421,68.82049784441473,28.99588092445449,-4.863196250434001,139.67540722457585,8.531142920325157,72.78039952701405,4.939321210856093,0.0,30.930478819445888,-1.9345978949913984,127.25052263825106,12.424884586324794,4.32320928209171,-3.656121637543117,25.356654634074584,1.434803612770306,8.528994773648948,0.002148146676208995,Southeast Asia,Thailand
THA,2012,68.95123562979806,3.244564443146077,28.02416571460109,5403.878460362729,68.72370288044144,27.972787351843134,6.924212894019007,137.6749385102395,8.594872208146699,73.8718282743725,4.9248953885186255,0.0,28.99588092445449,-1.023093572611355,139.67540722457585,-2.0004687143363356,0.667087644548593,2.577476798597484,26.79145824684489,1.2327074677561995,8.531142920325157,0.06372928782154119,Southeast Asia,Thailand
THA,2013,67.1711410731483,3.791264508728172,27.45710118296656,5516.611641641345,65.29113310112041,27.588690746175924,1.87969254848484,132.4622741742687,8.615519117762524,74.22716966853154,4.886297881671861,0.0,27.972787351843134,-0.38409660566721016,137.6749385102395,-5.2126643359708,3.244564443146077,0.5467000655820948,28.02416571460109,-0.5670645316345286,8.594872208146699,0.020646909615825493,Southeast Asia,Thailand
THA,2014,68.39413516121776,1.2214531801399844,23.919019547850148,5541.465993618451,62.5113602831802,27.57350095659177,0.0327028651892788,130.90549544439796,8.620014364522413,74.30464764457275,4.874475654039203,0.0,27.588690746175924,-0.015189789584155733,132.4622741742687,-1.5567787298707572,3.791264508728172,-2.5698113285881874,27.45710118296656,-3.538081635116413,8.615519117762524,0.004495246759889326,Southeast Asia,Thailand
THA,2015,67.63669027058648,2.22468548959784,22.355640638324505,5688.853353978842,57.20297188193966,27.37407119594164,1.5093900666730349,124.83966215252616,8.646263987300964,74.75788093809756,4.827030211155134,0.0,27.57350095659177,-0.19942976065012985,130.90549544439796,-6.065833291871797,1.2214531801399844,1.0032323094578557,23.919019547850148,-1.5633789095256425,8.620014364522413,0.026249622778550474,Southeast Asia,Thailand
THA,2016,67.07088396930105,0.8433643407186183,21.10548920151741,5857.780529359259,53.50434331982873,27.14423936883706,2.257532379260056,120.5752272891298,8.675526061571343,75.26475244500358,4.79227385099684,0.0,27.37407119594164,-0.2298318271045794,124.83966215252616,-4.26443486339636,2.22468548959784,-1.3813211488792216,22.355640638324505,-1.2501514368070943,8.646263987300964,0.0292620742703793,Southeast Asia,Thailand
THA,2017,66.67283246637669,1.8155026010198716,22.93429568876954,6076.743077000816,54.21859496726121,27.014815480534665,2.90483221928757,120.89142743363792,8.712224153308561,75.90284969749308,4.794892848850683,0.0,27.14423936883706,-0.12942388830239437,120.5752272891298,0.31620014450811595,0.8433643407186183,0.9721382603012533,21.10548920151741,1.8288064872521304,8.675526061571343,0.036698091737218164,Southeast Asia,Thailand
THA,2018,64.83809689933204,2.712798351386624,25.21959015944392,6314.199484120428,56.00376783165173,26.71283439185266,3.462819232095569,120.84186473098376,8.75055626255621,76.57223490416169,4.794482787804438,0.0,27.014815480534665,-0.30198108868200535,120.89142743363792,-0.049562702654156965,1.8155026010198716,0.8972957503667525,22.93429568876954,2.28529447067438,8.712224153308561,0.03833210924764785,Southeast Asia,Thailand
THA,2019,59.51889062188594,1.0173487758004125,23.814752574637456,6434.537705180338,50.17062409328011,25.621596414365797,-0.8466539557355475,109.68951471516606,8.769435276762746,76.9029950733309,4.697653781265093,0.0,26.71283439185266,-1.0912379774868626,120.84186473098376,-11.152350015817703,2.712798351386624,-1.6954495755862116,25.21959015944392,-1.4048375848064651,8.75055626255621,0.018879014206536482,Southeast Asia,Thailand
THA,2020,51.33881896644233,-0.8583101887649448,23.76427618770217,6032.422446067934,46.32362297067345,25.564883516528443,-5.302132280115657,97.6624419371158,8.704903941397971,75.77535262896593,4.581517062796801,0.0,25.621596414365797,-0.05671289783735389,109.68951471516606,-12.027072778050254,1.0173487758004125,-1.8756589645653574,23.814752574637456,-0.05047638693528711,8.769435276762746,-0.06453133536477473,Southeast Asia,Thailand
THA,2021,58.42111244462289,3.0411232626009363,28.677250730611124,6119.1101852609945,58.710359738576216,27.15939147451542,4.667743197560512,117.13147218319912,8.719171970370361,76.02395984889216,4.763296997799852,0.0,25.564883516528443,1.594507957986977,97.6624419371158,19.46903024608332,-0.8583101887649448,3.8994334513658813,23.76427618770217,4.912974542908955,8.704903941397971,0.014268028972390212,Southeast Asia,Thailand
THA,2022,65.33383200155353,2.391570961155322,27.82329308025921,6279.822504159734,67.47962628652805,27.03033005602825,1.354625234584944,132.8134582880816,8.745096995393988,76.47672145884896,4.888945574438261,0.0,27.15939147451542,-0.12906141848716857,117.13147218319912,15.68198610488247,3.0411232626009363,-0.6495523014456142,28.677250730611124,-0.8539576503519157,8.719171970370361,0.025925025023626702,Southeast Asia,Thailand
THA,2023,65.51358827450174,1.9975474592024,22.394035923688268,6423.991011641494,63.27877141566337,24.984848440218823,-2.4894695149450285,128.7923596901651,8.767794856441542,76.87422664464276,4.8582014927350645,0.0,27.03033005602825,-2.045481615809429,132.8134582880816,-4.0210985979164775,2.391570961155322,-0.39402350195292213,27.82329308025921,-5.429257156570941,8.745096995393988,0.022697861047554113,Southeast Asia,Thailand
THA,2024,69.67262916583529,2.701652818342649,21.452815388317465,6616.585393359281,66.05230667193038,24.23922686755562,-0.2985707840466745,135.72493583776568,8.797334714252285,77.39309807458834,4.910630307054366,0.0,24.984848440218823,-0.7456215726632038,128.7923596901651,6.932576147600571,1.9975474592024,0.7041053591402489,22.394035923688268,-0.9412205353708032,8.767794856441542,0.029539857810743086,Southeast Asia,Thailand
TLS,2003,6.866071648855076,0.9214191935349364,22.30307493835626,964.3225646181296,115.44589328216286,2.623587719657752,0.1795662554715562,122.31196493101794,6.871425849240623,47.21649320161222,4.806574870540843,0.0,2.5734068511285946,0.050180868529157596,180.40374433785524,-58.091779406837304,,,27.909461067129904,-5.606386128773643,6.9354987784662345,-0.06407292922561147,Southeast Asia,Timor-Leste
TLS,2005,7.1364662922806685,0.1964228542750092,15.790796680713354,964.0266141735582,67.53478501648395,2.4479090051658345,-7.572218873773025,74.67125130876461,6.871118902293307,47.21227496945238,4.313095162758607,0.0,2.4973682538818256,-0.049459248715991055,107.33081956204114,-32.65956825327653,,,17.093077600210542,-1.3022809194971874,6.862203939853502,0.008914962439805052,Southeast Asia,Timor-Leste
TLS,2006,9.229308379778947,1.8682737881685592,12.137201945206662,897.5737636709277,89.6464110020353,2.5046474996055466,-2.477977095014353,98.87571938181424,6.799695304919372,46.23585623974255,4.593863701730774,0.0,2.4479090051658345,0.05673849443971202,74.67125130876461,24.204468073049625,0.1964228542750092,1.6718509338935499,15.790796680713354,-3.653594735506692,6.871118902293307,-0.07142359737393456,Southeast Asia,Timor-Leste
TLS,2007,9.99695281131712,1.60190408547442,18.66373591227929,961.8484620902684,118.76393941437232,2.0658060108836587,-4.738592332997001,128.76089222568945,6.868856914442837,47.18119531108917,4.8579571357766635,0.0,2.5046474996055466,-0.4388414887218879,98.87571938181424,29.88517284387521,1.8682737881685592,-0.2663697026941392,12.137201945206662,6.526533967072627,6.799695304919372,0.06916160952346484,Southeast Asia,Timor-Leste
TLS,2008,9.346413916162804,6.121283905888498,31.32738731481784,1042.868354430017,125.90434642625188,1.6837320954858082,-7.268739032338928,135.25076034241468,6.949730228846684,48.298750253745375,4.9071305394661655,0.0,2.0658060108836587,-0.3820739153978505,128.76089222568945,6.4898681167252334,1.60190408547442,4.519379820414078,18.66373591227929,12.663651402538552,6.868856914442837,0.08087331440384649,Southeast Asia,Timor-Leste
TLS,2009,9.166327573005558,6.596816214537199,48.86407062612509,1120.0969844839794,148.52012097871372,1.3851391412030023,-7.132912504561986,157.68644855171928,7.021170553829426,49.296835945961405,5.060608558454951,0.0,1.6837320954858082,-0.29859295428280586,135.25076034241468,22.4356882093046,6.121283905888498,0.47553230864870155,31.32738731481784,17.53668331130725,6.949730228846684,0.071440324982742,Southeast Asia,Timor-Leste
TLS,2010,8.564633573996781,3.4394474318390795,42.71781690021865,1195.3806780319703,125.83588811230362,1.0091967507316228,-13.643310433162554,134.40052168630038,7.086219972659028,50.214513500911714,4.900824309676013,0.0,1.3851391412030023,-0.37594239047137945,157.68644855171928,-23.2859268654189,6.596816214537199,-3.1573687826981196,48.86407062612509,-6.1462537259064405,7.021170553829426,0.06504941882960225,Southeast Asia,Timor-Leste
TLS,2011,6.405792191453406,4.705663345849624,70.33493180945744,1237.4838328427516,134.36055743377727,0.9102527628339626,-2.921768736147513,140.76634962523067,7.120835429988012,50.70629722097255,4.947101421021305,0.0,1.0091967507316228,-0.09894398789766023,134.40052168630038,6.365827938930295,3.4394474318390795,1.2662159140105445,42.71781690021865,27.617114909238794,7.086219972659028,0.03461545732898408,Southeast Asia,Timor-Leste
TLS,2012,7.12282485534938,3.479580360258669,60.02912399670846,1269.4162927606812,121.37766844311555,0.793999422690006,-10.756636630380058,128.50049329846496,7.146312461799204,51.0697818016666,4.855932743226466,0.0,0.9102527628339626,-0.11625334014395661,140.76634962523067,-12.265856326765714,4.705663345849624,-1.226082985590955,70.33493180945744,-10.30580781274898,7.120835429988012,0.02547703181119232,Southeast Asia,Timor-Leste
TLS,2013,5.584593381200369,4.002006811645311,41.7887762323789,1281.9286409257402,74.04953144861956,0.7233289251181857,0.220810676731233,79.63412482981992,7.156120973626997,51.2100673891842,4.377442704875289,0.0,0.793999422690006,-0.07067049757182031,128.50049329846496,-48.866368468645035,3.479580360258669,0.5224264513866417,60.02912399670846,-18.240347764329563,7.146312461799204,0.009808511827793076,Southeast Asia,Timor-Leste
TLS,2014,4.571799013937623,2.3422913323763046,43.14740670900438,1312.964940794653,78.16397832674467,0.7766236012775372,10.36397165874017,82.73577734068228,7.180043172342839,51.55301995670702,4.4156521244478935,0.0,0.7233289251181857,0.05329467615935146,79.63412482981992,3.101652510862351,4.002006811645311,-1.659715479269006,41.7887762323789,1.3586304766254784,7.156120973626997,0.02392219871584178,Southeast Asia,Timor-Leste
TLS,2015,3.050307291333916,2.7036393033086448,36.94928020331484,1319.592973709912,57.02661363792997,0.9737515802224812,36.18566855454321,60.07692092926389,7.185078614779711,51.625354700564735,4.09562575662966,0.0,0.7766236012775372,0.19712797894494405,82.73577734068228,-22.658856411418384,2.3422913323763046,0.36134797093234017,43.14740670900438,-6.198126505689537,7.180043172342839,0.005035442436872373,Southeast Asia,Timor-Leste
TLS,2016,3.1564228816641338,0.3339724612161701,39.848759918379216,1333.6585468432038,57.15419887756188,1.1006759914234052,17.06704379609181,60.31062175922601,7.1956812318250805,51.77782839003971,4.099508236798346,0.0,0.9737515802224812,0.12692441120092401,60.07692092926389,0.2337008299621175,2.7036393033086448,-2.3696668420924745,36.94928020331484,2.8994797150643734,7.185078614779711,0.010602617045369023,Southeast Asia,Timor-Leste
TLS,2017,2.4090113159470152,0.4237509620389798,35.634456245980765,1267.086601428832,56.225739463671154,1.5622207987691674,37.00953757384861,58.63475077961817,7.144475529547102,51.043530592297344,4.071327537535072,0.0,1.1006759914234052,0.4615448073457622,60.31062175922601,-1.6758709796078364,0.3339724612161701,0.08977850082280969,39.848759918379216,-4.214303672398451,7.1956812318250805,-0.05120570227797838,Southeast Asia,Timor-Leste
TLS,2018,2.9315317605797366,3.080078129802237,35.923251622794666,1237.200647304125,61.88765136197013,1.692043245046911,2.7555108203321623,64.81918312254987,7.120606564011655,50.70303783944586,4.171601595390084,0.0,1.5622207987691674,0.12982244627774353,58.63475077961817,6.1844323429317,0.4237509620389798,2.656327167763257,35.634456245980765,0.2887953768139013,7.144475529547102,-0.023868965535447373,Southeast Asia,Timor-Leste
TLS,2019,21.21431773598332,-7.794473503052569,26.776782509304564,1507.2474829437426,49.39992631917024,1.828933737633271,39.48608841818205,70.61424405515356,7.318040407402118,53.55371540437016,4.257231881304108,0.0,1.692043245046911,0.1368904925863601,64.81918312254987,5.79506093260369,3.080078129802237,-10.874551632854807,35.923251622794666,-9.146469113490102,7.120606564011655,0.19743384339046344,Southeast Asia,Timor-Leste
TLS,2020,36.66621474552709,-16.205300794119097,16.46570048023249,1947.839971388664,48.0840963587117,1.5272730400247996,-11.240045506257118,84.75031110423879,7.574476330616809,57.37269168307429,4.439709417100297,0.0,1.828933737633271,-0.3016606976084715,70.61424405515356,14.136067049085227,-7.794473503052569,-8.410827291066528,26.776782509304564,-10.311082029072075,7.318040407402118,0.2564359232146911,Southeast Asia,Timor-Leste
TLS,2021,63.51278803841398,-6.593643648853499,14.39981795432378,2015.8203924619704,36.347212900062495,0.7521577165703414,-19.08627417471304,99.86000093847647,7.608781534181728,57.893556434904845,4.603769214470385,0.0,1.5272730400247996,-0.7751153234544582,84.75031110423879,15.109689834237685,-16.205300794119097,9.611657145265598,16.46570048023249,-2.065882525908709,7.574476330616809,0.03430520356491851,Southeast Asia,Timor-Leste
TLS,2022,55.61193528678972,1.6724857473198855,10.605485588901251,1579.710846808578,42.00917353391428,1.2905691357778823,41.93810820113271,97.621108820704,7.36499710092394,54.243182296618045,4.5810937489347925,0.0,0.7521577165703414,0.538411419207541,99.86000093847647,-2.2388921177724797,-6.593643648853499,8.266129396173385,14.39981795432378,-3.7943323654225285,7.608781534181728,-0.24378443325778765,Southeast Asia,Timor-Leste
TLS,2023,22.923094469419464,5.874992607319561,20.488451784411257,1279.2112241611007,66.38155462784489,1.645116818843955,-23.049578942727397,89.30464909726436,7.153998935841085,51.17970077401538,4.492053548086809,0.0,1.2905691357778823,0.35454768306607276,97.621108820704,-8.316459723439635,1.6724857473198855,4.202506859999675,10.605485588901251,9.882966195510006,7.36499710092394,-0.21099816508285496,Southeast Asia,Timor-Leste
TLS,2024,10.55755258258859,12.085368704509694,30.107650954605138,1149.218890022011,84.89095042800136,1.9001199719625268,3.854968666069823,95.44850301058996,7.046837764510947,49.65792247933764,4.558586866555736,0.0,1.645116818843955,0.2550031531185717,89.30464909726436,6.1438539133256,5.874992607319561,6.210376097190133,20.488451784411257,9.61919917019388,7.153998935841085,-0.10716117133013814,Southeast Asia,Timor-Leste
VNM,2005,63.699492670139314,3.3904036393087096,33.757402891244105,1609.9626831365051,67.0153533748869,18.823283563147086,12.9196878132864,130.7148460450262,7.383966279533807,54.52295801729233,4.873018202894281,0.0,,,133.01649786874728,-2.3016518237210732,3.544081072881993,-0.15367743357328356,35.465331668779974,-1.7079287775358694,7.32049022466608,0.0634760548677269,Southeast Asia,Vietnam
VNM,2006,67.71681432601866,3.616000904325218,34.53665107647671,1699.676203433928,70.59680754357953,19.380725626786862,13.355367115249804,138.3136218695982,7.438193043334588,55.32671574991107,4.929523728900638,0.0,18.823283563147086,0.5574420636397761,130.7148460450262,7.598775824571987,3.3904036393087096,0.22559726501650834,33.757402891244105,0.7792481852326034,7.383966279533807,0.05422676380078162,Southeast Asia,Vietnam
VNM,2007,70.51787460227196,8.654717714348049,39.56627089701461,1788.948502895698,84.08750939428235,19.38041449538768,12.3745677036613,154.6053839965543,7.4893832976811625,56.090862179585564,5.040875960880403,0.0,19.380725626786862,-0.00031113139918304,138.3136218695982,16.291762126956115,3.616000904325218,5.038716810022831,34.53665107647671,5.029619820537903,7.438193043334588,0.05119025434657409,Southeast Asia,Vietnam
VNM,2008,70.33669194027154,9.6630390545572,36.49312179658141,1856.0051988397847,83.98078768748681,18.57965764609569,9.783720314534932,154.31747962775836,7.526181714441245,56.64341119878976,5.039012036347452,0.0,19.38041449538768,-0.8007568492919894,154.6053839965543,-0.2879043687959495,8.654717714348049,1.0083213402091502,39.56627089701461,-3.0731491004331986,7.4893832976811625,0.03679841676008255,Southeast Asia,Vietnam
VNM,2009,62.6088840664865,7.168819888842765,37.162555433521504,1927.1342705745365,72.09743365527108,18.301035459213143,2.7621561320138426,134.7063177217576,7.563789344541436,57.21090924859857,4.903096984482427,0.0,18.57965764609569,-0.27862218688254714,154.31747962775836,-19.611161906000746,9.6630390545572,-2.4942191657144344,36.49312179658141,0.6694336369400915,7.526181714441245,0.03760763010019108,Southeast Asia,Vietnam
VNM,2010,54.175845966851455,5.434739293344299,37.09907617151679,2027.581843759237,59.80184157286273,17.130570570836724,-21.83875886615651,113.97768753971418,7.614599152010478,57.98212024579869,4.736002705902343,0.0,18.301035459213143,-1.1704648883764186,134.7063177217576,-20.72863018204343,7.168819888842765,-1.7340805954984662,37.162555433521504,-0.06347926200471221,7.563789344541436,0.05080980746904196,Southeast Asia,Vietnam
VNM,2011,61.18015572119564,4.304874349021606,32.37114344292238,2132.9045376208664,64.08042221963368,18.694145538196025,12.591333372725018,125.26057794082932,7.665239962486631,58.75590368250205,4.830396191016283,0.0,17.130570570836724,1.5635749673593011,113.97768753971418,11.28289040111514,5.434739293344299,-1.1298649443226925,37.09907617151679,-4.727932728594411,7.614599152010478,0.05064081047615332,Southeast Asia,Vietnam
VNM,2012,63.47392490386326,4.278322876811744,30.55928976965664,2224.1140425325566,59.750191842121446,20.274092482882697,8.381803866210504,123.2241167459847,7.707113932172952,59.39960516349442,4.814004784750656,0.0,18.694145538196025,1.5799469446866716,125.26057794082932,-2.0364611948446196,4.304874349021606,-0.02655147220986187,32.37114344292238,-1.811853673265741,7.665239962486631,0.0418739696863204,Southeast Asia,Vietnam
VNM,2013,66.80044599191095,4.164545172773247,30.21290346095931,2320.0843144493388,64.04590887483158,20.687453691542547,6.500156045404637,130.84635486674253,7.749358806435045,60.052561910872384,4.874023771245698,0.0,20.274092482882697,0.4133612086598504,123.2241167459847,7.622238120757828,4.278322876811744,-0.11377770403849752,30.55928976965664,-0.3463863086973298,7.707113932172952,0.04224487426209311,Southeast Asia,Vietnam
VNM,2014,69.59857595020537,3.940861890519609,30.28902678609913,2439.2865574442344,65.81194550415564,20.371229229790966,6.498369191982988,135.410521454361,7.799460881041576,60.83159003489784,4.908311063916798,0.0,20.687453691542547,-0.31622446175158103,130.84635486674253,4.564166587618473,4.164545172773247,-0.22368328225363765,30.21290346095931,0.07612332513981812,7.749358806435045,0.05010207460653149,Southeast Asia,Vietnam
VNM,2015,72.9228518369495,4.931907733290215,32.10891581782167,2577.568853401125,71.99137635828772,20.960091682192203,9.185778332451504,144.9142281952372,7.854601928784032,61.69477145965783,4.976142037709845,0.0,20.371229229790966,0.5888624524012371,135.410521454361,9.503706740876197,3.940861890519609,0.9910458427706059,30.28902678609913,1.8198890317225391,7.799460881041576,0.05514104774245521,Southeast Asia,Vietnam
VNM,2016,74.10728625561829,4.900893029167459,31.724539095104248,2715.57887431272,71.30222171749978,21.48825320020336,11.140219322226288,145.40950797311808,7.906760423016145,62.51686038697445,4.979553954798591,0.0,20.960091682192203,0.5281615180111565,144.9142281952372,0.4952797778808815,4.931907733290215,-0.03101470412275642,32.10891581782167,-0.38437672271741974,7.854601928784032,0.052158494232113384,Southeast Asia,Vietnam
VNM,2017,81.7625218355655,5.011487217496808,32.30530092009896,2868.1368001337887,79.21756182330411,22.627123974930637,12.126037596765867,160.9800836588696,7.961417899373378,63.384174968462816,5.081280653350318,0.0,21.48825320020336,1.1388707747272768,145.40950797311808,15.570575685751521,4.900893029167459,0.11059418832934931,31.724539095104248,0.5807618249947097,7.906760423016145,0.05465747635723339,Southeast Asia,Vietnam
VNM,2018,84.42345608333646,4.9982831962232765,32.019502902432976,3048.283276021446,80.24048069255649,23.36716792330652,11.480373631208622,164.66393677589295,8.022333850815285,64.3578404139368,5.103906650098341,0.0,22.627123974930637,0.7400439483758845,160.9800836588696,3.6838531170233466,5.011487217496808,-0.013204021273531374,32.30530092009896,-0.28579801766598223,7.961417899373378,0.0609159514419062,Southeast Asia,Vietnam
VNM,2019,85.15758740734114,4.821074861051002,31.979960656579745,3241.0764896652886,79.54662762406684,23.78671650151446,9.594826166387634,164.70421503140798,8.083660803500294,65.34557198604702,5.104151229032246,0.0,23.36716792330652,0.41954857820793734,164.66393677589295,0.040278255515033834,4.9982831962232765,-0.1772083351722742,32.019502902432976,-0.039542245853230185,8.022333850815285,0.06132695268500932,Southeast Asia,Vietnam
VNM,2020,84.38159800895698,4.558361967824236,31.915688393806047,3303.16949807493,78.86426480597792,23.9472430412931,4.992139963088221,163.24586281493492,8.102637740475883,65.65273835338412,5.095257425201015,0.0,23.78671650151446,0.1605265397786404,164.70421503140798,-1.4583522164730596,4.821074861051002,-0.26271289322676594,31.979960656579745,-0.06427226277369869,8.083660803500294,0.018976936975589,Southeast Asia,Vietnam
VNM,2021,93.85020712755748,4.273145661901873,32.895602336690075,3358.217347647143,92.82562570925684,24.459372683511454,5.3650624346698805,186.6758328368143,8.119165560869618,65.92084940481126,5.229373598338433,0.0,23.9472430412931,0.5121296422183548,163.24586281493492,23.42997002187937,4.558361967824236,-0.28521630592236313,31.915688393806047,0.9799139428840284,8.102637740475883,0.016527820393735126,Southeast Asia,Vietnam
VNM,2022,93.42012904351095,4.329473089108825,32.340499444496054,3617.663112804366,89.73349010432486,24.656382139579136,8.990682702521084,183.15361914783583,8.193583547414306,67.1348113484584,5.21032524959653,0.0,24.459372683511454,0.19700945606768272,186.6758328368143,-3.522213688978468,4.273145661901873,0.05632742720695205,32.895602336690075,-0.5551028921940215,8.119165560869618,0.07441798654468812,Southeast Asia,Vietnam
VNM,2023,86.73666408752382,4.264588565468881,31.668349552275764,3772.360291161032,78.25892136835172,24.11279414214387,3.5408295099262403,164.99558545587553,8.235456156466793,67.8227381050868,5.1059187187297885,0.0,24.656382139579136,-0.5435879974352673,183.15361914783583,-18.1580336919603,4.329473089108825,-0.06488452363994401,32.340499444496054,-0.6721498922202898,8.193583547414306,0.041872609052486354,Southeast Asia,Vietnam
VNM,2024,90.16626933749984,4.234507550622357,30.584726433763095,4012.50779921084,83.71899087857156,24.333081674027927,9.587187082163638,173.88526021607137,8.29717171116494,68.84305840455575,5.158395657653298,0.0,24.11279414214387,0.22028753188405759,164.99558545587553,8.889674760195845,4.264588565468881,-0.030081014846524035,31.668349552275764,-1.0836231185126692,8.235456156466793,0.06171555469814827,Southeast Asia,Vietnam
